{
  "parent": "minecraft:item/template_spawn_egg",
  "overrides": [
      {"predicate": {"custom_model_data":612101}, "model": "gbtan/block/cooling_coil_off"},
      {"predicate": {"custom_model_data":612102}, "model": "gbtan/block/cooling_coil_on"},
      {"predicate": {"custom_model_data":612103}, "model": "gbtan/block/heating_coil_off"},
      {"predicate": {"custom_model_data":612104}, "model": "gbtan/block/heating_coil_on"},
      {"predicate": {"custom_model_data":612201}, "model": "item/gb_drawer_1"},
      {"predicate": {"custom_model_data":612299}, "model": "item/compact_machine"},
      {"predicate": {"custom_model_data":612301}, "model": "spacetech/block/stirling_generator"},
      {"predicate": {"custom_model_data":612302}, "model": "item/energy_bank1"},
      {"predicate": {"custom_model_data":612303}, "model": "item/energy_bank2"},
      {"predicate": {"custom_model_data":612304}, "model": "item/energy_bank3"},
      {"predicate": {"custom_model_data":612305}, "model": "item/energy_bank4"},
      {"predicate": {"custom_model_data":612306}, "model": "item/energy_bank5"},
      {"predicate": {"custom_model_data":612307}, "model": "item/energy_bank6"},
      {"predicate": {"custom_model_data":612308}, "model": "item/energy_bank7"},
      {"predicate": {"custom_model_data":612309}, "model": "item/energy_bank8"},
      {"predicate": {"custom_model_data":612310}, "model": "item/energy_bank9"},
      {"predicate": {"custom_model_data":612312}, "model": "item/oxygen_vent"},
      {"predicate": {"custom_model_data":613000}, "model": "item/gb_crafting"},
      {"predicate": {"custom_model_data":617001}, "model": "spacetech/block/molten_furnace_controller"},
      {"predicate": {"custom_model_data":617002}, "model": "spacetech/block/molten_furnace_output"},
      {"predicate": {"custom_model_data":617003}, "model": "spacetech/block/conduit/item"}
  ]
}