{
  "parent": "item/template_spawn_egg",
  "overrides": [
    {
      "predicate": { "custom_model_data": 1 },
      "model": "penguin_spawn_egg"
    },
    {
      "predicate": { "custom_model_data": 2 },
      "model": "Penguin"
    },
    {
      "predicate": { "custom_model_data": 1001 },
      "model": "Penguin_Walk_1"
    },
    {
      "predicate": { "custom_model_data": 1002 },
      "model": "Penguin_Walk_2"
    },
    {
      "predicate": { "custom_model_data": 1003 },
      "model": "Penguin_Walk_3"
    }
  ]
}
