{
	"credit": "Made with Blockbench",
	"texture_size": [64, 64],
	"textures": {
		"0": "entity/deer",
		"particle": "entity/deer"
	},
	"elements": [
		{
			"from": [6, 11.65, -9],
			"to": [10, 15.65, -5],
			"rotation": {"angle": 0, "axis": "y", "origin": [14, 19.65, -1]},
			"faces": {
				"north": {"uv": [10.75, 1.5, 11.75, 2.5], "texture": "#0"},
				"east": {"uv": [4.25, 11, 5.25, 12], "texture": "#0"},
				"south": {"uv": [5.25, 11.25, 6.25, 12.25], "texture": "#0"},
				"west": {"uv": [6.25, 11.25, 7.25, 12.25], "texture": "#0"},
				"up": {"uv": [12.25, 12.25, 11.25, 11.25], "texture": "#0"},
				"down": {"uv": [12.25, 2.5, 11.25, 3.5], "texture": "#0"}
			}
		},
		{
			"from": [7.5, 15.05, -9.1],
			"to": [8.5, 15.8, -8.35],
			"rotation": {"angle": 0, "axis": "y", "origin": [14, 23.3, -1.1]},
			"faces": {
				"north": {"uv": [9.375, 9.625, 9.625, 9.75], "texture": "#0"},
				"east": {"uv": [9.375, 9.625, 9.625, 9.75], "texture": "#0"},
				"south": {"uv": [9.375, 9.625, 9.625, 9.75], "texture": "#0"},
				"west": {"uv": [9.375, 9.625, 9.625, 9.75], "texture": "#0"},
				"up": {"uv": [9.375, 9.625, 9.625, 9.75], "texture": "#0"},
				"down": {"uv": [9.375, 9.625, 9.625, 9.75], "texture": "#0"}
			}
		},
		{
			"from": [5, 11.65, -5],
			"to": [11, 16.65, 1],
			"rotation": {"angle": 0, "axis": "y", "origin": [14, 19.65, 3]},
			"faces": {
				"north": {"uv": [6.25, 8.75, 7.75, 10], "texture": "#0"},
				"east": {"uv": [7.75, 8.75, 9.25, 10], "texture": "#0"},
				"south": {"uv": [1.5, 9, 3, 10.25], "texture": "#0"},
				"west": {"uv": [9.25, 9.25, 10.75, 10.5], "texture": "#0"},
				"up": {"uv": [9.25, 5, 7.75, 3.5], "texture": "#0"},
				"down": {"uv": [1.5, 8, 0, 9.5], "texture": "#0"}
			}
		},
		{
			"from": [4.25, 2.85, -1.1],
			"to": [11.75, 10.75, 4.9],
			"rotation": {"angle": 0, "axis": "y", "origin": [14, 13.25, 6.9]},
			"faces": {
				"north": {"uv": [0, 4, 2, 6], "texture": "#0"},
				"east": {"uv": [6.25, 3.5, 7.75, 5.5], "texture": "#0"},
				"south": {"uv": [4.25, 4.25, 6.25, 6.25], "texture": "#0"},
				"west": {"uv": [1.75, 7, 3.25, 9], "texture": "#0"},
				"up": {"uv": [9.25, 8.75, 7.25, 7.25], "texture": "#0"},
				"down": {"uv": [9.25, 5.5, 7.25, 7], "texture": "#0"}
			}
		},
		{
			"from": [5.25, 1.9, 0.1],
			"to": [10.75, 2.7, 1.4],
			"rotation": {"angle": 0, "axis": "y", "origin": [14, 13, 6.9]},
			"faces": {
				"north": {"uv": [4.25, 4, 5.75, 4.25], "texture": "#0"},
				"east": {"uv": [15, 12.75, 15.25, 13], "texture": "#0"},
				"south": {"uv": [7.25, 7, 8.75, 7.25], "texture": "#0"},
				"west": {"uv": [15, 13, 15.25, 13.25], "texture": "#0"},
				"up": {"uv": [9.25, 5.25, 7.75, 5], "texture": "#0"},
				"down": {"uv": [9.25, 5.25, 7.75, 5.5], "texture": "#0"}
			}
		},
		{
			"from": [4, 1.85, 1.4],
			"to": [12, 10.25, 8.9],
			"rotation": {"angle": 0, "axis": "y", "origin": [14, 13.25, 6.9]},
			"faces": {
				"north": {"uv": [4.25, 0, 6.25, 2], "texture": "#0"},
				"east": {"uv": [3.75, 6.25, 5.5, 8.25], "texture": "#0"},
				"south": {"uv": [4.25, 2, 6.25, 4], "texture": "#0"},
				"west": {"uv": [5.5, 6.25, 7.25, 8.25], "texture": "#0"},
				"up": {"uv": [8.25, 1.75, 6.25, 0], "texture": "#0"},
				"down": {"uv": [8.25, 1.75, 6.25, 3.5], "texture": "#0"}
			}
		},
		{
			"from": [4.5, 2, 8.9],
			"to": [11.5, 10, 18.9],
			"rotation": {"angle": 0, "axis": "y", "origin": [14, 13, 16.9]},
			"faces": {
				"north": {"uv": [2, 5, 3.75, 7], "texture": "#0"},
				"east": {"uv": [0, 0, 2.5, 2], "texture": "#0"},
				"south": {"uv": [0, 6, 1.75, 8], "texture": "#0"},
				"west": {"uv": [0, 2, 2.5, 4], "texture": "#0"},
				"up": {"uv": [4.25, 5, 2.5, 2.5], "texture": "#0"},
				"down": {"uv": [4.25, 0, 2.5, 2.5], "texture": "#0"}
			}
		},
		{
			"from": [6, 9.65, -4.7],
			"to": [10, 14.65, -0.7],
			"rotation": {"angle": -22.5, "axis": "x", "origin": [14, 17.65, 3.3]},
			"faces": {
				"north": {"uv": [9.75, 0, 10.75, 1.25], "texture": "#0"},
				"east": {"uv": [9.75, 1.25, 10.75, 2.5], "texture": "#0"},
				"south": {"uv": [5.5, 10, 6.5, 11.25], "texture": "#0"},
				"west": {"uv": [6.5, 10, 7.5, 11.25], "texture": "#0"},
				"up": {"uv": [12.25, 4.5, 11.25, 3.5], "texture": "#0"},
				"down": {"uv": [12.25, 4.5, 11.25, 5.5], "texture": "#0"}
			}
		},
		{
			"from": [3.5, 15.65, -2],
			"to": [6.5, 20.65, -1],
			"rotation": {"angle": 45, "axis": "z", "origin": [6.5, 16.65, -1]},
			"faces": {
				"north": {"uv": [11.25, 5.5, 12, 6.75], "texture": "#0"},
				"east": {"uv": [4.75, 13.25, 5, 14.5], "texture": "#0"},
				"south": {"uv": [11.25, 6.75, 12, 8], "texture": "#0"},
				"west": {"uv": [13, 13.25, 13.25, 14.5], "texture": "#0"},
				"up": {"uv": [6.25, 10, 5.5, 9.75], "texture": "#0"},
				"down": {"uv": [14.25, 13, 13.5, 13.25], "texture": "#0"}
			}
		},
		{
			"from": [9.5, 15.65, -2],
			"to": [12.5, 20.65, -1],
			"rotation": {"angle": -45, "axis": "z", "origin": [9.5, 16.65, -1]},
			"faces": {
				"north": {"uv": [11.25, 10, 12, 11.25], "texture": "#0"},
				"east": {"uv": [13.25, 13.25, 13.5, 14.5], "texture": "#0"},
				"south": {"uv": [7.25, 11.5, 8, 12.75], "texture": "#0"},
				"west": {"uv": [13.25, 3.75, 13.5, 5], "texture": "#0"},
				"up": {"uv": [14.25, 13.5, 13.5, 13.25], "texture": "#0"},
				"down": {"uv": [14.5, 0, 13.75, 0.25], "texture": "#0"}
			}
		},
		{
			"from": [0.1, 25.7, -7.75],
			"to": [1, 26.95, -6.15],
			"rotation": {"angle": 22.5, "axis": "z", "origin": [8, 33.45, -0.15]},
			"faces": {
				"north": {"uv": [14.75, 10.25, 15, 10.5], "texture": "#0"},
				"east": {"uv": [14, 7.25, 14.5, 7.5], "texture": "#0"},
				"south": {"uv": [14.75, 10.5, 15, 10.75], "texture": "#0"},
				"west": {"uv": [14, 7.5, 14.5, 7.75], "texture": "#0"},
				"up": {"uv": [14.25, 8.25, 14, 7.75], "texture": "#0"},
				"down": {"uv": [14.25, 8.25, 14, 8.75], "texture": "#0"}
			}
		},
		{
			"from": [0.1, 24.9, -6.35],
			"to": [1, 26.15, -4.75],
			"rotation": {"angle": 22.5, "axis": "z", "origin": [8, 32.65, 1.25]},
			"faces": {
				"north": {"uv": [14.75, 9.25, 15, 9.5], "texture": "#0"},
				"east": {"uv": [14, 3.5, 14.5, 3.75], "texture": "#0"},
				"south": {"uv": [14.75, 9.5, 15, 9.75], "texture": "#0"},
				"west": {"uv": [14, 3.75, 14.5, 4], "texture": "#0"},
				"up": {"uv": [14.25, 4.5, 14, 4], "texture": "#0"},
				"down": {"uv": [14.25, 4.5, 14, 5], "texture": "#0"}
			}
		},
		{
			"from": [1.4, 18.35, -4],
			"to": [2.9, 19.85, -2.25],
			"rotation": {"angle": 22.5, "axis": "z", "origin": [9.9, 26.35, 4.5]},
			"faces": {
				"north": {"uv": [6.25, 8.25, 6.75, 8.75], "texture": "#0"},
				"east": {"uv": [6.75, 8.25, 7.25, 8.75], "texture": "#0"},
				"south": {"uv": [8.25, 3, 8.75, 3.5], "texture": "#0"},
				"west": {"uv": [8.75, 3, 9.25, 3.5], "texture": "#0"},
				"up": {"uv": [10.25, 3, 9.75, 2.5], "texture": "#0"},
				"down": {"uv": [11.25, 10, 10.75, 10.5], "texture": "#0"}
			}
		},
		{
			"from": [1.65, 19.1, -2.75],
			"to": [2.65, 20.1, -1.5],
			"rotation": {"angle": 22.5, "axis": "z", "origin": [9.65, 27.1, 5]},
			"faces": {
				"north": {"uv": [1.75, 6.75, 2, 7], "texture": "#0"},
				"east": {"uv": [1.5, 8.75, 1.75, 9], "texture": "#0"},
				"south": {"uv": [10.5, 9, 10.75, 9.25], "texture": "#0"},
				"west": {"uv": [2.75, 10.75, 3, 11], "texture": "#0"},
				"up": {"uv": [5.5, 11.25, 5.25, 11], "texture": "#0"},
				"down": {"uv": [7.5, 11.25, 7.25, 11.5], "texture": "#0"}
			}
		},
		{
			"from": [1.4, 19.85, -2],
			"to": [2.4, 20.85, -0.5],
			"rotation": {"angle": 22.5, "axis": "z", "origin": [9.4, 27.85, 6]},
			"faces": {
				"north": {"uv": [11.5, 1.25, 11.75, 1.5], "texture": "#0"},
				"east": {"uv": [5.75, 4, 6.25, 4.25], "texture": "#0"},
				"south": {"uv": [5, 12, 5.25, 12.25], "texture": "#0"},
				"west": {"uv": [3.75, 6, 4.25, 6.25], "texture": "#0"},
				"up": {"uv": [9.25, 10.5, 9, 10], "texture": "#0"},
				"down": {"uv": [3, 10.25, 2.75, 10.75], "texture": "#0"}
			}
		},
		{
			"from": [1.45, 20.35, -1],
			"to": [2.45, 21.35, 0.75],
			"rotation": {"angle": 22.5, "axis": "z", "origin": [9.45, 28.35, 7]},
			"faces": {
				"north": {"uv": [11, 12, 11.25, 12.25], "texture": "#0"},
				"east": {"uv": [3.25, 8, 3.75, 8.25], "texture": "#0"},
				"south": {"uv": [12, 11, 12.25, 11.25], "texture": "#0"},
				"west": {"uv": [8.75, 7, 9.25, 7.25], "texture": "#0"},
				"up": {"uv": [10.5, 3, 10.25, 2.5], "texture": "#0"},
				"down": {"uv": [10.75, 8.5, 10.5, 9], "texture": "#0"}
			}
		},
		{
			"from": [1.6, 20.6, 0.25],
			"to": [2.6, 21.6, 1.25],
			"rotation": {"angle": 22.5, "axis": "z", "origin": [9.6, 28.35, 7.25]},
			"faces": {
				"north": {"uv": [12.5, 2.25, 12.75, 2.5], "texture": "#0"},
				"east": {"uv": [12.5, 12.25, 12.75, 12.5], "texture": "#0"},
				"south": {"uv": [13.25, 0.5, 13.5, 0.75], "texture": "#0"},
				"west": {"uv": [14.5, 0, 14.75, 0.25], "texture": "#0"},
				"up": {"uv": [14.75, 0.5, 14.5, 0.25], "texture": "#0"},
				"down": {"uv": [14.75, 0.5, 14.5, 0.75], "texture": "#0"}
			}
		},
		{
			"from": [1.35, 21.1, 1],
			"to": [2.35, 22.1, 2],
			"rotation": {"angle": 22.5, "axis": "z", "origin": [9.35, 28.85, 8]},
			"faces": {
				"north": {"uv": [14.5, 0.75, 14.75, 1], "texture": "#0"},
				"east": {"uv": [14.5, 1, 14.75, 1.25], "texture": "#0"},
				"south": {"uv": [14.5, 1.25, 14.75, 1.5], "texture": "#0"},
				"west": {"uv": [14.5, 1.5, 14.75, 1.75], "texture": "#0"},
				"up": {"uv": [14.75, 2, 14.5, 1.75], "texture": "#0"},
				"down": {"uv": [14.75, 2, 14.5, 2.25], "texture": "#0"}
			}
		},
		{
			"from": [0.525, 28.4, 2.2],
			"to": [1.575, 30.1, 3.15],
			"rotation": {"angle": 22.5, "axis": "z", "origin": [8.575, 36.4, 10.4]},
			"faces": {
				"north": {"uv": [11.25, 8, 11.5, 8.5], "texture": "#0"},
				"east": {"uv": [8.75, 11.5, 9, 12], "texture": "#0"},
				"south": {"uv": [12, 10.5, 12.25, 11], "texture": "#0"},
				"west": {"uv": [7, 12.25, 7.25, 12.75], "texture": "#0"},
				"up": {"uv": [14.75, 2.5, 14.5, 2.25], "texture": "#0"},
				"down": {"uv": [14.75, 2.5, 14.5, 2.75], "texture": "#0"}
			}
		},
		{
			"from": [0.9, 26.4, 2.7],
			"to": [1.95, 28.1, 3.65],
			"rotation": {"angle": 22.5, "axis": "z", "origin": [8.95, 34.4, 10.9]},
			"faces": {
				"north": {"uv": [12.25, 0.75, 12.5, 1.25], "texture": "#0"},
				"east": {"uv": [8.5, 12.75, 8.75, 13.25], "texture": "#0"},
				"south": {"uv": [0.5, 13.5, 0.75, 14], "texture": "#0"},
				"west": {"uv": [13.75, 5.75, 14, 6.25], "texture": "#0"},
				"up": {"uv": [14.75, 3, 14.5, 2.75], "texture": "#0"},
				"down": {"uv": [14.75, 3, 14.5, 3.25], "texture": "#0"}
			}
		},
		{
			"from": [0.65, 27.4, 2.45],
			"to": [1.7, 29.1, 3.4],
			"rotation": {"angle": 22.5, "axis": "z", "origin": [8.7, 35.4, 10.65]},
			"faces": {
				"north": {"uv": [13.75, 6.25, 14, 6.75], "texture": "#0"},
				"east": {"uv": [13.75, 6.75, 14, 7.25], "texture": "#0"},
				"south": {"uv": [13.75, 7.25, 14, 7.75], "texture": "#0"},
				"west": {"uv": [13.75, 7.75, 14, 8.25], "texture": "#0"},
				"up": {"uv": [14.75, 3.5, 14.5, 3.25], "texture": "#0"},
				"down": {"uv": [14.75, 3.5, 14.5, 3.75], "texture": "#0"}
			}
		},
		{
			"from": [0.85, 29.4, 1.95],
			"to": [1.9, 31.1, 2.9],
			"rotation": {"angle": 22.5, "axis": "z", "origin": [8.9, 37.4, 10.15]},
			"faces": {
				"north": {"uv": [13.75, 8.25, 14, 8.75], "texture": "#0"},
				"east": {"uv": [13.75, 8.75, 14, 9.25], "texture": "#0"},
				"south": {"uv": [13.75, 9.25, 14, 9.75], "texture": "#0"},
				"west": {"uv": [13.75, 9.75, 14, 10.25], "texture": "#0"},
				"up": {"uv": [14.75, 4, 14.5, 3.75], "texture": "#0"},
				"down": {"uv": [14.75, 4, 14.5, 4.25], "texture": "#0"}
			}
		},
		{
			"from": [1.1, 21.35, 1.75],
			"to": [2.1, 22.35, 2.75],
			"rotation": {"angle": 22.5, "axis": "z", "origin": [9.1, 29.1, 8.75]},
			"faces": {
				"north": {"uv": [14.5, 4.25, 14.75, 4.5], "texture": "#0"},
				"east": {"uv": [14.5, 4.5, 14.75, 4.75], "texture": "#0"},
				"south": {"uv": [14.5, 4.75, 14.75, 5], "texture": "#0"},
				"west": {"uv": [14.5, 5, 14.75, 5.25], "texture": "#0"},
				"up": {"uv": [14.75, 5.5, 14.5, 5.25], "texture": "#0"},
				"down": {"uv": [14.75, 5.5, 14.5, 5.75], "texture": "#0"}
			}
		},
		{
			"from": [1.4, 21.85, 2],
			"to": [2.4, 22.85, 3],
			"rotation": {"angle": 22.5, "axis": "z", "origin": [9.4, 29.6, 9]},
			"faces": {
				"north": {"uv": [14.5, 5.75, 14.75, 6], "texture": "#0"},
				"east": {"uv": [14.5, 6, 14.75, 6.25], "texture": "#0"},
				"south": {"uv": [14.5, 6.25, 14.75, 6.5], "texture": "#0"},
				"west": {"uv": [14.5, 6.5, 14.75, 6.75], "texture": "#0"},
				"up": {"uv": [14.75, 7, 14.5, 6.75], "texture": "#0"},
				"down": {"uv": [14.75, 7, 14.5, 7.25], "texture": "#0"}
			}
		},
		{
			"from": [1.45, 22.6, 2.25],
			"to": [2.45, 23.6, 3.25],
			"rotation": {"angle": 22.5, "axis": "z", "origin": [9.45, 30.35, 9.25]},
			"faces": {
				"north": {"uv": [14.5, 7.25, 14.75, 7.5], "texture": "#0"},
				"east": {"uv": [14.5, 7.5, 14.75, 7.75], "texture": "#0"},
				"south": {"uv": [14.5, 7.75, 14.75, 8], "texture": "#0"},
				"west": {"uv": [14.5, 8, 14.75, 8.25], "texture": "#0"},
				"up": {"uv": [14.75, 8.5, 14.5, 8.25], "texture": "#0"},
				"down": {"uv": [14.75, 8.5, 14.5, 8.75], "texture": "#0"}
			}
		},
		{
			"from": [0.85, 21.35, 2.5],
			"to": [1.85, 22.35, 3.75],
			"rotation": {"angle": 22.5, "axis": "z", "origin": [8.85, 29.1, 9.5]},
			"faces": {
				"north": {"uv": [14.5, 8.75, 14.75, 9], "texture": "#0"},
				"east": {"uv": [14.5, 9, 14.75, 9.25], "texture": "#0"},
				"south": {"uv": [14.5, 9.25, 14.75, 9.5], "texture": "#0"},
				"west": {"uv": [14.5, 9.5, 14.75, 9.75], "texture": "#0"},
				"up": {"uv": [14.75, 10, 14.5, 9.75], "texture": "#0"},
				"down": {"uv": [14.75, 10, 14.5, 10.25], "texture": "#0"}
			}
		},
		{
			"from": [0.85, 21.1, 3],
			"to": [1.85, 22.1, 4.25],
			"rotation": {"angle": 22.5, "axis": "z", "origin": [8.85, 28.85, 10]},
			"faces": {
				"north": {"uv": [14.5, 10.25, 14.75, 10.5], "texture": "#0"},
				"east": {"uv": [14.5, 10.5, 14.75, 10.75], "texture": "#0"},
				"south": {"uv": [14.5, 10.75, 14.75, 11], "texture": "#0"},
				"west": {"uv": [14.5, 11, 14.75, 11.25], "texture": "#0"},
				"up": {"uv": [14.75, 11.5, 14.5, 11.25], "texture": "#0"},
				"down": {"uv": [14.75, 11.5, 14.5, 11.75], "texture": "#0"}
			}
		},
		{
			"from": [1.45, 23.35, 2.5],
			"to": [2.45, 24.85, 3.5],
			"rotation": {"angle": 22.5, "axis": "z", "origin": [9.45, 31.1, 9.25]},
			"faces": {
				"north": {"uv": [13.75, 10.25, 14, 10.75], "texture": "#0"},
				"east": {"uv": [13.75, 10.75, 14, 11.25], "texture": "#0"},
				"south": {"uv": [13.75, 11.25, 14, 11.75], "texture": "#0"},
				"west": {"uv": [13.75, 11.75, 14, 12.25], "texture": "#0"},
				"up": {"uv": [14.75, 12, 14.5, 11.75], "texture": "#0"},
				"down": {"uv": [14.75, 12, 14.5, 12.25], "texture": "#0"}
			}
		},
		{
			"from": [1.3, 24.1, 2.75],
			"to": [2.3, 25.85, 3.75],
			"rotation": {"angle": 22.5, "axis": "z", "origin": [9.3, 31.85, 9.75]},
			"faces": {
				"north": {"uv": [0, 14, 0.25, 14.5], "texture": "#0"},
				"east": {"uv": [0.25, 14, 0.5, 14.5], "texture": "#0"},
				"south": {"uv": [0.5, 14, 0.75, 14.5], "texture": "#0"},
				"west": {"uv": [0.75, 14, 1, 14.5], "texture": "#0"},
				"up": {"uv": [14.75, 12.5, 14.5, 12.25], "texture": "#0"},
				"down": {"uv": [14.75, 12.5, 14.5, 12.75], "texture": "#0"}
			}
		},
		{
			"from": [1.15, 25.45, 2.75],
			"to": [2.15, 26.7, 3.75],
			"rotation": {"angle": 22.5, "axis": "z", "origin": [9.15, 33.2, 9.75]},
			"faces": {
				"north": {"uv": [14.5, 12.75, 14.75, 13], "texture": "#0"},
				"east": {"uv": [14.5, 13, 14.75, 13.25], "texture": "#0"},
				"south": {"uv": [14.5, 13.25, 14.75, 13.5], "texture": "#0"},
				"west": {"uv": [14.5, 13.5, 14.75, 13.75], "texture": "#0"},
				"up": {"uv": [14.75, 14.5, 14.5, 14.25], "texture": "#0"},
				"down": {"uv": [3.5, 14.75, 3.25, 15], "texture": "#0"}
			}
		},
		{
			"from": [0.6, 26.2, 2.25],
			"to": [1.6, 27.45, 3.25],
			"rotation": {"angle": 22.5, "axis": "z", "origin": [8.6, 33.95, 9.25]},
			"faces": {
				"north": {"uv": [3.5, 14.75, 3.75, 15], "texture": "#0"},
				"east": {"uv": [3.75, 14.75, 4, 15], "texture": "#0"},
				"south": {"uv": [4, 14.75, 4.25, 15], "texture": "#0"},
				"west": {"uv": [4.25, 14.75, 4.5, 15], "texture": "#0"},
				"up": {"uv": [4.75, 15, 4.5, 14.75], "texture": "#0"},
				"down": {"uv": [13.25, 14.75, 13, 15], "texture": "#0"}
			}
		},
		{
			"from": [0.6, 25.7, 1.75],
			"to": [1.6, 26.95, 2.75],
			"rotation": {"angle": 22.5, "axis": "z", "origin": [8.6, 33.45, 8.75]},
			"faces": {
				"north": {"uv": [13.25, 14.75, 13.5, 15], "texture": "#0"},
				"east": {"uv": [13.5, 14.75, 13.75, 15], "texture": "#0"},
				"south": {"uv": [13.75, 14.75, 14, 15], "texture": "#0"},
				"west": {"uv": [14.25, 14.75, 14.5, 15], "texture": "#0"},
				"up": {"uv": [15, 15, 14.75, 14.75], "texture": "#0"},
				"down": {"uv": [15, 0, 14.75, 0.25], "texture": "#0"}
			}
		},
		{
			"from": [0.5, 25.2, 1.25],
			"to": [1.5, 26.45, 2.25],
			"rotation": {"angle": 22.5, "axis": "z", "origin": [8.5, 32.95, 8.25]},
			"faces": {
				"north": {"uv": [14.75, 0.25, 15, 0.5], "texture": "#0"},
				"east": {"uv": [14.75, 0.5, 15, 0.75], "texture": "#0"},
				"south": {"uv": [14.75, 0.75, 15, 1], "texture": "#0"},
				"west": {"uv": [14.75, 1, 15, 1.25], "texture": "#0"},
				"up": {"uv": [15, 1.5, 14.75, 1.25], "texture": "#0"},
				"down": {"uv": [15, 1.5, 14.75, 1.75], "texture": "#0"}
			}
		},
		{
			"from": [0.5, 24.7, 0.5],
			"to": [1.5, 25.95, 1.5],
			"rotation": {"angle": 22.5, "axis": "z", "origin": [8.5, 32.45, 7.5]},
			"faces": {
				"north": {"uv": [14.75, 1.75, 15, 2], "texture": "#0"},
				"east": {"uv": [14.75, 2, 15, 2.25], "texture": "#0"},
				"south": {"uv": [14.75, 2.25, 15, 2.5], "texture": "#0"},
				"west": {"uv": [14.75, 2.5, 15, 2.75], "texture": "#0"},
				"up": {"uv": [15, 3, 14.75, 2.75], "texture": "#0"},
				"down": {"uv": [15, 3, 14.75, 3.25], "texture": "#0"}
			}
		},
		{
			"from": [0.2, 24.55, -1.2],
			"to": [1.3, 25.8, 1],
			"rotation": {"angle": 22.5, "axis": "z", "origin": [8.2, 32.3, 7]},
			"faces": {
				"north": {"uv": [14.75, 3.25, 15, 3.5], "texture": "#0"},
				"east": {"uv": [13.75, 12.25, 14.25, 12.5], "texture": "#0"},
				"south": {"uv": [14.75, 3.5, 15, 3.75], "texture": "#0"},
				"west": {"uv": [1, 14, 1.5, 14.25], "texture": "#0"},
				"up": {"uv": [1.75, 14.5, 1.5, 14], "texture": "#0"},
				"down": {"uv": [2, 14, 1.75, 14.5], "texture": "#0"}
			}
		},
		{
			"from": [0.3, 24.65, -4.2],
			"to": [1.2, 25.8, -1.2],
			"rotation": {"angle": 22.5, "axis": "z", "origin": [8.2, 32.3, 4.8]},
			"faces": {
				"north": {"uv": [14.75, 10.75, 15, 11], "texture": "#0"},
				"east": {"uv": [13.75, 0.25, 14.5, 0.5], "texture": "#0"},
				"south": {"uv": [14.75, 11, 15, 11.25], "texture": "#0"},
				"west": {"uv": [13.75, 5, 14.5, 5.25], "texture": "#0"},
				"up": {"uv": [2, 6.75, 1.75, 6], "texture": "#0"},
				"down": {"uv": [1.75, 8, 1.5, 8.75], "texture": "#0"}
			}
		},
		{
			"from": [0.975, 30, 1.7],
			"to": [2.025, 31.7, 2.65],
			"rotation": {"angle": 22.5, "axis": "z", "origin": [9.025, 38, 9.9]},
			"faces": {
				"north": {"uv": [2, 14, 2.25, 14.5], "texture": "#0"},
				"east": {"uv": [2.25, 14, 2.5, 14.5], "texture": "#0"},
				"south": {"uv": [2.5, 14, 2.75, 14.5], "texture": "#0"},
				"west": {"uv": [5, 14, 5.25, 14.5], "texture": "#0"},
				"up": {"uv": [15, 4, 14.75, 3.75], "texture": "#0"},
				"down": {"uv": [15, 4, 14.75, 4.25], "texture": "#0"}
			}
		},
		{
			"from": [0.2, 25.7, -1.95],
			"to": [1.25, 27.4, -0.95],
			"rotation": {"angle": 22.5, "axis": "z", "origin": [8.25, 33.7, 6.3]},
			"faces": {
				"north": {"uv": [5.25, 14, 5.5, 14.5], "texture": "#0"},
				"east": {"uv": [5.5, 14, 5.75, 14.5], "texture": "#0"},
				"south": {"uv": [5.75, 14, 6, 14.5], "texture": "#0"},
				"west": {"uv": [6, 14, 6.25, 14.5], "texture": "#0"},
				"up": {"uv": [15, 4.5, 14.75, 4.25], "texture": "#0"},
				"down": {"uv": [15, 4.5, 14.75, 4.75], "texture": "#0"}
			}
		},
		{
			"from": [-0.05, 26.7, -2.2],
			"to": [1, 28.4, -1.2],
			"rotation": {"angle": 22.5, "axis": "z", "origin": [8, 34.7, 6.05]},
			"faces": {
				"north": {"uv": [6.25, 14, 6.5, 14.5], "texture": "#0"},
				"east": {"uv": [6.5, 14, 6.75, 14.5], "texture": "#0"},
				"south": {"uv": [6.75, 14, 7, 14.5], "texture": "#0"},
				"west": {"uv": [7, 14, 7.25, 14.5], "texture": "#0"},
				"up": {"uv": [15, 5, 14.75, 4.75], "texture": "#0"},
				"down": {"uv": [15, 5, 14.75, 5.25], "texture": "#0"}
			}
		},
		{
			"from": [-0.3, 27.7, -2.45],
			"to": [0.75, 29.4, -1.45],
			"rotation": {"angle": 22.5, "axis": "z", "origin": [7.75, 35.7, 5.8]},
			"faces": {
				"north": {"uv": [7.25, 14, 7.5, 14.5], "texture": "#0"},
				"east": {"uv": [7.5, 14, 7.75, 14.5], "texture": "#0"},
				"south": {"uv": [7.75, 14, 8, 14.5], "texture": "#0"},
				"west": {"uv": [8, 14, 8.25, 14.5], "texture": "#0"},
				"up": {"uv": [15, 5.5, 14.75, 5.25], "texture": "#0"},
				"down": {"uv": [15, 5.5, 14.75, 5.75], "texture": "#0"}
			}
		},
		{
			"from": [-0.325, 29.6, -2.95],
			"to": [0.725, 31.3, -1.95],
			"rotation": {"angle": 22.5, "axis": "z", "origin": [7.725, 37.6, 5.3]},
			"faces": {
				"north": {"uv": [8.25, 14, 8.5, 14.5], "texture": "#0"},
				"east": {"uv": [8.5, 14, 8.75, 14.5], "texture": "#0"},
				"south": {"uv": [8.75, 14, 9, 14.5], "texture": "#0"},
				"west": {"uv": [9, 14, 9.25, 14.5], "texture": "#0"},
				"up": {"uv": [15, 6, 14.75, 5.75], "texture": "#0"},
				"down": {"uv": [15, 6, 14.75, 6.25], "texture": "#0"}
			}
		},
		{
			"from": [-0.425, 28.7, -2.7],
			"to": [0.625, 30.4, -1.7],
			"rotation": {"angle": 22.5, "axis": "z", "origin": [7.625, 36.7, 5.55]},
			"faces": {
				"north": {"uv": [9.25, 14, 9.5, 14.5], "texture": "#0"},
				"east": {"uv": [9.5, 14, 9.75, 14.5], "texture": "#0"},
				"south": {"uv": [9.75, 14, 10, 14.5], "texture": "#0"},
				"west": {"uv": [10, 14, 10.25, 14.5], "texture": "#0"},
				"up": {"uv": [15, 6.5, 14.75, 6.25], "texture": "#0"},
				"down": {"uv": [15, 6.5, 14.75, 6.75], "texture": "#0"}
			}
		},
		{
			"from": [-0.1, 25.9, -6],
			"to": [0.95, 27.6, -5.05],
			"rotation": {"angle": 22.5, "axis": "z", "origin": [7.95, 33.9, 2.2]},
			"faces": {
				"north": {"uv": [10.25, 14, 10.5, 14.5], "texture": "#0"},
				"east": {"uv": [10.5, 14, 10.75, 14.5], "texture": "#0"},
				"south": {"uv": [10.75, 14, 11, 14.5], "texture": "#0"},
				"west": {"uv": [11, 14, 11.25, 14.5], "texture": "#0"},
				"up": {"uv": [15, 7, 14.75, 6.75], "texture": "#0"},
				"down": {"uv": [15, 7, 14.75, 7.25], "texture": "#0"}
			}
		},
		{
			"from": [-0.35, 26.9, -6.15],
			"to": [0.7, 28.6, -5.2],
			"rotation": {"angle": 22.5, "axis": "z", "origin": [7.7, 34.9, 2.05]},
			"faces": {
				"north": {"uv": [11.25, 14, 11.5, 14.5], "texture": "#0"},
				"east": {"uv": [11.5, 14, 11.75, 14.5], "texture": "#0"},
				"south": {"uv": [11.75, 14, 12, 14.5], "texture": "#0"},
				"west": {"uv": [12, 14, 12.25, 14.5], "texture": "#0"},
				"up": {"uv": [15, 7.5, 14.75, 7.25], "texture": "#0"},
				"down": {"uv": [15, 7.5, 14.75, 7.75], "texture": "#0"}
			}
		},
		{
			"from": [-0.475, 27.9, -6.3],
			"to": [0.575, 29.6, -5.35],
			"rotation": {"angle": 22.5, "axis": "z", "origin": [7.575, 35.9, 1.9]},
			"faces": {
				"north": {"uv": [12.25, 14, 12.5, 14.5], "texture": "#0"},
				"east": {"uv": [12.5, 14, 12.75, 14.5], "texture": "#0"},
				"south": {"uv": [12.75, 14, 13, 14.5], "texture": "#0"},
				"west": {"uv": [13.5, 14, 13.75, 14.5], "texture": "#0"},
				"up": {"uv": [15, 8, 14.75, 7.75], "texture": "#0"},
				"down": {"uv": [15, 8, 14.75, 8.25], "texture": "#0"}
			}
		},
		{
			"from": [-0.325, 28.9, -6.45],
			"to": [0.725, 30.6, -5.5],
			"rotation": {"angle": 22.5, "axis": "z", "origin": [7.725, 36.9, 1.75]},
			"faces": {
				"north": {"uv": [13.75, 14, 14, 14.5], "texture": "#0"},
				"east": {"uv": [14, 14, 14.25, 14.5], "texture": "#0"},
				"south": {"uv": [14, 0.5, 14.25, 1], "texture": "#0"},
				"west": {"uv": [14, 1, 14.25, 1.5], "texture": "#0"},
				"up": {"uv": [15, 8.5, 14.75, 8.25], "texture": "#0"},
				"down": {"uv": [15, 8.5, 14.75, 8.75], "texture": "#0"}
			}
		},
		{
			"from": [-0.225, 30, -6.7],
			"to": [0.825, 31.7, -5.75],
			"rotation": {"angle": 22.5, "axis": "z", "origin": [7.825, 38, 1.5]},
			"faces": {
				"north": {"uv": [14, 1.5, 14.25, 2], "texture": "#0"},
				"east": {"uv": [14, 2, 14.25, 2.5], "texture": "#0"},
				"south": {"uv": [14, 2.5, 14.25, 3], "texture": "#0"},
				"west": {"uv": [14, 3, 14.25, 3.5], "texture": "#0"},
				"up": {"uv": [15, 9, 14.75, 8.75], "texture": "#0"},
				"down": {"uv": [15, 9, 14.75, 9.25], "texture": "#0"}
			}
		},
		{
			"from": [0.1, 24.7, -5.45],
			"to": [1, 25.95, -3.85],
			"rotation": {"angle": 22.5, "axis": "z", "origin": [8, 32.45, 2.15]},
			"faces": {
				"north": {"uv": [14.75, 9.75, 15, 10], "texture": "#0"},
				"east": {"uv": [14, 5.75, 14.5, 6], "texture": "#0"},
				"south": {"uv": [14.75, 10, 15, 10.25], "texture": "#0"},
				"west": {"uv": [14, 6, 14.5, 6.25], "texture": "#0"},
				"up": {"uv": [14.25, 6.75, 14, 6.25], "texture": "#0"},
				"down": {"uv": [14.25, 6.75, 14, 7.25], "texture": "#0"}
			}
		},
		{
			"from": [15, 25.7, -7.75],
			"to": [15.9, 26.95, -6.15],
			"rotation": {"angle": -22.5, "axis": "z", "origin": [8, 33.45, -0.15]},
			"faces": {
				"north": {"uv": [14.75, 11.25, 15, 11.5], "texture": "#0"},
				"east": {"uv": [14, 8.75, 14.5, 9], "texture": "#0"},
				"south": {"uv": [14.75, 11.5, 15, 11.75], "texture": "#0"},
				"west": {"uv": [14, 9, 14.5, 9.25], "texture": "#0"},
				"up": {"uv": [14.25, 9.75, 14, 9.25], "texture": "#0"},
				"down": {"uv": [14.25, 9.75, 14, 10.25], "texture": "#0"}
			}
		},
		{
			"from": [15, 24.9, -6.35],
			"to": [15.9, 26.15, -4.75],
			"rotation": {"angle": -22.5, "axis": "z", "origin": [8, 32.65, 1.25]},
			"faces": {
				"north": {"uv": [14.75, 11.75, 15, 12], "texture": "#0"},
				"east": {"uv": [14, 10.25, 14.5, 10.5], "texture": "#0"},
				"south": {"uv": [14.75, 12, 15, 12.25], "texture": "#0"},
				"west": {"uv": [14, 10.5, 14.5, 10.75], "texture": "#0"},
				"up": {"uv": [14.25, 11.25, 14, 10.75], "texture": "#0"},
				"down": {"uv": [14.25, 11.25, 14, 11.75], "texture": "#0"}
			}
		},
		{
			"from": [13.1, 18.35, -4],
			"to": [14.6, 19.85, -2.25],
			"rotation": {"angle": -22.5, "axis": "z", "origin": [6.1, 26.35, 4.5]},
			"faces": {
				"north": {"uv": [12.25, 5, 12.75, 5.5], "texture": "#0"},
				"east": {"uv": [12.25, 8.75, 12.75, 9.25], "texture": "#0"},
				"south": {"uv": [12.75, 3.75, 13.25, 4.25], "texture": "#0"},
				"west": {"uv": [13.25, 0, 13.75, 0.5], "texture": "#0"},
				"up": {"uv": [13.75, 5.5, 13.25, 5], "texture": "#0"},
				"down": {"uv": [13.75, 5.5, 13.25, 6], "texture": "#0"}
			}
		},
		{
			"from": [13.35, 19.1, -2.75],
			"to": [14.35, 20.1, -1.5],
			"rotation": {"angle": -22.5, "axis": "z", "origin": [6.35, 27.1, 5]},
			"faces": {
				"north": {"uv": [14.75, 12.25, 15, 12.5], "texture": "#0"},
				"east": {"uv": [14.75, 12.5, 15, 12.75], "texture": "#0"},
				"south": {"uv": [14.75, 12.75, 15, 13], "texture": "#0"},
				"west": {"uv": [14.75, 13, 15, 13.25], "texture": "#0"},
				"up": {"uv": [15, 13.5, 14.75, 13.25], "texture": "#0"},
				"down": {"uv": [15, 13.5, 14.75, 13.75], "texture": "#0"}
			}
		},
		{
			"from": [13.6, 19.85, -2],
			"to": [14.6, 20.85, -0.5],
			"rotation": {"angle": -22.5, "axis": "z", "origin": [6.6, 27.85, 6]},
			"faces": {
				"north": {"uv": [14.75, 13.75, 15, 14], "texture": "#0"},
				"east": {"uv": [14, 11.75, 14.5, 12], "texture": "#0"},
				"south": {"uv": [14.75, 14, 15, 14.25], "texture": "#0"},
				"west": {"uv": [14, 12, 14.5, 12.25], "texture": "#0"},
				"up": {"uv": [14.25, 13, 14, 12.5], "texture": "#0"},
				"down": {"uv": [14.25, 13.5, 14, 14], "texture": "#0"}
			}
		},
		{
			"from": [13.55, 20.35, -1],
			"to": [14.55, 21.35, 0.75],
			"rotation": {"angle": -22.5, "axis": "z", "origin": [6.55, 28.35, 7]},
			"faces": {
				"north": {"uv": [14.75, 14.25, 15, 14.5], "texture": "#0"},
				"east": {"uv": [1, 14.25, 1.5, 14.5], "texture": "#0"},
				"south": {"uv": [14.75, 14.5, 15, 14.75], "texture": "#0"},
				"west": {"uv": [2.75, 14.25, 3.25, 14.5], "texture": "#0"},
				"up": {"uv": [3.5, 14.75, 3.25, 14.25], "texture": "#0"},
				"down": {"uv": [3.75, 14.25, 3.5, 14.75], "texture": "#0"}
			}
		},
		{
			"from": [13.4, 20.6, 0.25],
			"to": [14.4, 21.6, 1.25],
			"rotation": {"angle": -22.5, "axis": "z", "origin": [6.4, 28.35, 7.25]},
			"faces": {
				"north": {"uv": [0, 15, 0.25, 15.25], "texture": "#0"},
				"east": {"uv": [0.25, 15, 0.5, 15.25], "texture": "#0"},
				"south": {"uv": [0.5, 15, 0.75, 15.25], "texture": "#0"},
				"west": {"uv": [0.75, 15, 1, 15.25], "texture": "#0"},
				"up": {"uv": [1.25, 15.25, 1, 15], "texture": "#0"},
				"down": {"uv": [1.5, 15, 1.25, 15.25], "texture": "#0"}
			}
		},
		{
			"from": [13.65, 21.1, 1],
			"to": [14.65, 22.1, 2],
			"rotation": {"angle": -22.5, "axis": "z", "origin": [6.65, 28.85, 8]},
			"faces": {
				"north": {"uv": [1.5, 15, 1.75, 15.25], "texture": "#0"},
				"east": {"uv": [1.75, 15, 2, 15.25], "texture": "#0"},
				"south": {"uv": [2, 15, 2.25, 15.25], "texture": "#0"},
				"west": {"uv": [2.25, 15, 2.5, 15.25], "texture": "#0"},
				"up": {"uv": [2.75, 15.25, 2.5, 15], "texture": "#0"},
				"down": {"uv": [3, 15, 2.75, 15.25], "texture": "#0"}
			}
		},
		{
			"from": [14.425, 28.4, 2.2],
			"to": [15.475, 30.1, 3.15],
			"rotation": {"angle": -22.5, "axis": "z", "origin": [7.425, 36.4, 10.4]},
			"faces": {
				"north": {"uv": [3.75, 14.25, 4, 14.75], "texture": "#0"},
				"east": {"uv": [4, 14.25, 4.25, 14.75], "texture": "#0"},
				"south": {"uv": [4.25, 14.25, 4.5, 14.75], "texture": "#0"},
				"west": {"uv": [4.5, 14.25, 4.75, 14.75], "texture": "#0"},
				"up": {"uv": [3.25, 15.25, 3, 15], "texture": "#0"},
				"down": {"uv": [3.5, 15, 3.25, 15.25], "texture": "#0"}
			}
		},
		{
			"from": [14.05, 26.4, 2.7],
			"to": [15.1, 28.1, 3.65],
			"rotation": {"angle": -22.5, "axis": "z", "origin": [7.05, 34.4, 10.9]},
			"faces": {
				"north": {"uv": [14.25, 14.25, 14.5, 14.75], "texture": "#0"},
				"east": {"uv": [14.25, 0.5, 14.5, 1], "texture": "#0"},
				"south": {"uv": [14.25, 1, 14.5, 1.5], "texture": "#0"},
				"west": {"uv": [14.25, 1.5, 14.5, 2], "texture": "#0"},
				"up": {"uv": [3.75, 15.25, 3.5, 15], "texture": "#0"},
				"down": {"uv": [4, 15, 3.75, 15.25], "texture": "#0"}
			}
		},
		{
			"from": [14.3, 27.4, 2.45],
			"to": [15.35, 29.1, 3.4],
			"rotation": {"angle": -22.5, "axis": "z", "origin": [7.3, 35.4, 10.65]},
			"faces": {
				"north": {"uv": [14.25, 2, 14.5, 2.5], "texture": "#0"},
				"east": {"uv": [14.25, 2.5, 14.5, 3], "texture": "#0"},
				"south": {"uv": [14.25, 3, 14.5, 3.5], "texture": "#0"},
				"west": {"uv": [14.25, 4, 14.5, 4.5], "texture": "#0"},
				"up": {"uv": [4.25, 15.25, 4, 15], "texture": "#0"},
				"down": {"uv": [4.5, 15, 4.25, 15.25], "texture": "#0"}
			}
		},
		{
			"from": [14.1, 29.4, 1.95],
			"to": [15.15, 31.1, 2.9],
			"rotation": {"angle": -22.5, "axis": "z", "origin": [7.1, 37.4, 10.15]},
			"faces": {
				"north": {"uv": [14.25, 4.5, 14.5, 5], "texture": "#0"},
				"east": {"uv": [14.25, 6.25, 14.5, 6.75], "texture": "#0"},
				"south": {"uv": [14.25, 6.75, 14.5, 7.25], "texture": "#0"},
				"west": {"uv": [14.25, 7.75, 14.5, 8.25], "texture": "#0"},
				"up": {"uv": [4.75, 15.25, 4.5, 15], "texture": "#0"},
				"down": {"uv": [5, 15, 4.75, 15.25], "texture": "#0"}
			}
		},
		{
			"from": [13.9, 21.35, 1.75],
			"to": [14.9, 22.35, 2.75],
			"rotation": {"angle": -22.5, "axis": "z", "origin": [6.9, 29.1, 8.75]},
			"faces": {
				"north": {"uv": [5, 15, 5.25, 15.25], "texture": "#0"},
				"east": {"uv": [5.25, 15, 5.5, 15.25], "texture": "#0"},
				"south": {"uv": [5.5, 15, 5.75, 15.25], "texture": "#0"},
				"west": {"uv": [5.75, 15, 6, 15.25], "texture": "#0"},
				"up": {"uv": [6.25, 15.25, 6, 15], "texture": "#0"},
				"down": {"uv": [6.5, 15, 6.25, 15.25], "texture": "#0"}
			}
		},
		{
			"from": [13.6, 21.85, 2],
			"to": [14.6, 22.85, 3],
			"rotation": {"angle": -22.5, "axis": "z", "origin": [6.6, 29.6, 9]},
			"faces": {
				"north": {"uv": [6.5, 15, 6.75, 15.25], "texture": "#0"},
				"east": {"uv": [6.75, 15, 7, 15.25], "texture": "#0"},
				"south": {"uv": [7, 15, 7.25, 15.25], "texture": "#0"},
				"west": {"uv": [7.25, 15, 7.5, 15.25], "texture": "#0"},
				"up": {"uv": [7.75, 15.25, 7.5, 15], "texture": "#0"},
				"down": {"uv": [8, 15, 7.75, 15.25], "texture": "#0"}
			}
		},
		{
			"from": [13.55, 22.6, 2.25],
			"to": [14.55, 23.6, 3.25],
			"rotation": {"angle": -22.5, "axis": "z", "origin": [6.55, 30.35, 9.25]},
			"faces": {
				"north": {"uv": [8, 15, 8.25, 15.25], "texture": "#0"},
				"east": {"uv": [8.25, 15, 8.5, 15.25], "texture": "#0"},
				"south": {"uv": [8.5, 15, 8.75, 15.25], "texture": "#0"},
				"west": {"uv": [8.75, 15, 9, 15.25], "texture": "#0"},
				"up": {"uv": [9.25, 15.25, 9, 15], "texture": "#0"},
				"down": {"uv": [9.5, 15, 9.25, 15.25], "texture": "#0"}
			}
		},
		{
			"from": [14.15, 21.35, 2.5],
			"to": [15.15, 22.35, 3.75],
			"rotation": {"angle": -22.5, "axis": "z", "origin": [7.15, 29.1, 9.5]},
			"faces": {
				"north": {"uv": [9.5, 15, 9.75, 15.25], "texture": "#0"},
				"east": {"uv": [9.75, 15, 10, 15.25], "texture": "#0"},
				"south": {"uv": [10, 15, 10.25, 15.25], "texture": "#0"},
				"west": {"uv": [10.25, 15, 10.5, 15.25], "texture": "#0"},
				"up": {"uv": [10.75, 15.25, 10.5, 15], "texture": "#0"},
				"down": {"uv": [11, 15, 10.75, 15.25], "texture": "#0"}
			}
		},
		{
			"from": [14.15, 21.1, 3],
			"to": [15.15, 22.1, 4.25],
			"rotation": {"angle": -22.5, "axis": "z", "origin": [7.15, 28.85, 10]},
			"faces": {
				"north": {"uv": [11, 15, 11.25, 15.25], "texture": "#0"},
				"east": {"uv": [11.25, 15, 11.5, 15.25], "texture": "#0"},
				"south": {"uv": [11.5, 15, 11.75, 15.25], "texture": "#0"},
				"west": {"uv": [11.75, 15, 12, 15.25], "texture": "#0"},
				"up": {"uv": [12.25, 15.25, 12, 15], "texture": "#0"},
				"down": {"uv": [12.5, 15, 12.25, 15.25], "texture": "#0"}
			}
		},
		{
			"from": [13.55, 23.35, 2.5],
			"to": [14.55, 24.85, 3.5],
			"rotation": {"angle": -22.5, "axis": "z", "origin": [6.55, 31.1, 9.25]},
			"faces": {
				"north": {"uv": [14.25, 8.25, 14.5, 8.75], "texture": "#0"},
				"east": {"uv": [14.25, 9.25, 14.5, 9.75], "texture": "#0"},
				"south": {"uv": [14.25, 9.75, 14.5, 10.25], "texture": "#0"},
				"west": {"uv": [14.25, 10.75, 14.5, 11.25], "texture": "#0"},
				"up": {"uv": [12.75, 15.25, 12.5, 15], "texture": "#0"},
				"down": {"uv": [13, 15, 12.75, 15.25], "texture": "#0"}
			}
		},
		{
			"from": [13.7, 24.1, 2.75],
			"to": [14.7, 25.85, 3.75],
			"rotation": {"angle": -22.5, "axis": "z", "origin": [6.7, 31.85, 9.75]},
			"faces": {
				"north": {"uv": [14.25, 11.25, 14.5, 11.75], "texture": "#0"},
				"east": {"uv": [14.25, 12.25, 14.5, 12.75], "texture": "#0"},
				"south": {"uv": [14.25, 12.75, 14.5, 13.25], "texture": "#0"},
				"west": {"uv": [14.25, 13.25, 14.5, 13.75], "texture": "#0"},
				"up": {"uv": [13.25, 15.25, 13, 15], "texture": "#0"},
				"down": {"uv": [13.5, 15, 13.25, 15.25], "texture": "#0"}
			}
		},
		{
			"from": [13.85, 25.45, 2.75],
			"to": [14.85, 26.7, 3.75],
			"rotation": {"angle": -22.5, "axis": "z", "origin": [6.85, 33.2, 9.75]},
			"faces": {
				"north": {"uv": [13.5, 15, 13.75, 15.25], "texture": "#0"},
				"east": {"uv": [13.75, 15, 14, 15.25], "texture": "#0"},
				"south": {"uv": [14, 15, 14.25, 15.25], "texture": "#0"},
				"west": {"uv": [14.25, 15, 14.5, 15.25], "texture": "#0"},
				"up": {"uv": [14.75, 15.25, 14.5, 15], "texture": "#0"},
				"down": {"uv": [15, 15, 14.75, 15.25], "texture": "#0"}
			}
		},
		{
			"from": [14.4, 26.2, 2.25],
			"to": [15.4, 27.45, 3.25],
			"rotation": {"angle": -22.5, "axis": "z", "origin": [7.4, 33.95, 9.25]},
			"faces": {
				"north": {"uv": [15, 15, 15.25, 15.25], "texture": "#0"},
				"east": {"uv": [15, 0, 15.25, 0.25], "texture": "#0"},
				"south": {"uv": [15, 0.25, 15.25, 0.5], "texture": "#0"},
				"west": {"uv": [15, 0.5, 15.25, 0.75], "texture": "#0"},
				"up": {"uv": [15.25, 1, 15, 0.75], "texture": "#0"},
				"down": {"uv": [15.25, 1, 15, 1.25], "texture": "#0"}
			}
		},
		{
			"from": [14.4, 25.7, 1.75],
			"to": [15.4, 26.95, 2.75],
			"rotation": {"angle": -22.5, "axis": "z", "origin": [7.4, 33.45, 8.75]},
			"faces": {
				"north": {"uv": [15, 1.25, 15.25, 1.5], "texture": "#0"},
				"east": {"uv": [15, 1.5, 15.25, 1.75], "texture": "#0"},
				"south": {"uv": [15, 1.75, 15.25, 2], "texture": "#0"},
				"west": {"uv": [15, 2, 15.25, 2.25], "texture": "#0"},
				"up": {"uv": [15.25, 2.5, 15, 2.25], "texture": "#0"},
				"down": {"uv": [15.25, 2.5, 15, 2.75], "texture": "#0"}
			}
		},
		{
			"from": [14.5, 25.2, 1.25],
			"to": [15.5, 26.45, 2.25],
			"rotation": {"angle": -22.5, "axis": "z", "origin": [7.5, 32.95, 8.25]},
			"faces": {
				"north": {"uv": [15, 2.75, 15.25, 3], "texture": "#0"},
				"east": {"uv": [15, 3, 15.25, 3.25], "texture": "#0"},
				"south": {"uv": [15, 3.25, 15.25, 3.5], "texture": "#0"},
				"west": {"uv": [15, 3.5, 15.25, 3.75], "texture": "#0"},
				"up": {"uv": [15.25, 4, 15, 3.75], "texture": "#0"},
				"down": {"uv": [15.25, 4, 15, 4.25], "texture": "#0"}
			}
		},
		{
			"from": [14.5, 24.7, 0.5],
			"to": [15.5, 25.95, 1.5],
			"rotation": {"angle": -22.5, "axis": "z", "origin": [7.5, 32.45, 7.5]},
			"faces": {
				"north": {"uv": [15, 4.25, 15.25, 4.5], "texture": "#0"},
				"east": {"uv": [15, 4.5, 15.25, 4.75], "texture": "#0"},
				"south": {"uv": [15, 4.75, 15.25, 5], "texture": "#0"},
				"west": {"uv": [15, 5, 15.25, 5.25], "texture": "#0"},
				"up": {"uv": [15.25, 5.5, 15, 5.25], "texture": "#0"},
				"down": {"uv": [15.25, 5.5, 15, 5.75], "texture": "#0"}
			}
		},
		{
			"from": [14.7, 24.55, -1.2],
			"to": [15.8, 25.8, 1],
			"rotation": {"angle": -22.5, "axis": "z", "origin": [7.8, 32.3, 7]},
			"faces": {
				"north": {"uv": [15, 5.75, 15.25, 6], "texture": "#0"},
				"east": {"uv": [14.25, 13.75, 14.75, 14], "texture": "#0"},
				"south": {"uv": [15, 6, 15.25, 6.25], "texture": "#0"},
				"west": {"uv": [14.25, 14, 14.75, 14.25], "texture": "#0"},
				"up": {"uv": [0.25, 15, 0, 14.5], "texture": "#0"},
				"down": {"uv": [0.5, 14.5, 0.25, 15], "texture": "#0"}
			}
		},
		{
			"from": [14.8, 24.65, -4.2],
			"to": [15.7, 25.8, -1.2],
			"rotation": {"angle": -22.5, "axis": "z", "origin": [7.8, 32.3, 4.8]},
			"faces": {
				"north": {"uv": [15, 6.25, 15.25, 6.5], "texture": "#0"},
				"east": {"uv": [13.75, 5.25, 14.5, 5.5], "texture": "#0"},
				"south": {"uv": [15, 6.5, 15.25, 6.75], "texture": "#0"},
				"west": {"uv": [13.75, 5.5, 14.5, 5.75], "texture": "#0"},
				"up": {"uv": [3.25, 9.75, 3, 9], "texture": "#0"},
				"down": {"uv": [1.5, 9.5, 1.25, 10.25], "texture": "#0"}
			}
		},
		{
			"from": [13.975, 30, 1.7],
			"to": [15.025, 31.7, 2.65],
			"rotation": {"angle": -22.5, "axis": "z", "origin": [6.975, 38, 9.9]},
			"faces": {
				"north": {"uv": [0.5, 14.5, 0.75, 15], "texture": "#0"},
				"east": {"uv": [0.75, 14.5, 1, 15], "texture": "#0"},
				"south": {"uv": [1, 14.5, 1.25, 15], "texture": "#0"},
				"west": {"uv": [1.25, 14.5, 1.5, 15], "texture": "#0"},
				"up": {"uv": [15.25, 7, 15, 6.75], "texture": "#0"},
				"down": {"uv": [15.25, 7, 15, 7.25], "texture": "#0"}
			}
		},
		{
			"from": [14.75, 25.7, -1.95],
			"to": [15.8, 27.4, -0.95],
			"rotation": {"angle": -22.5, "axis": "z", "origin": [7.75, 33.7, 6.3]},
			"faces": {
				"north": {"uv": [1.5, 14.5, 1.75, 15], "texture": "#0"},
				"east": {"uv": [1.75, 14.5, 2, 15], "texture": "#0"},
				"south": {"uv": [2, 14.5, 2.25, 15], "texture": "#0"},
				"west": {"uv": [2.25, 14.5, 2.5, 15], "texture": "#0"},
				"up": {"uv": [15.25, 7.5, 15, 7.25], "texture": "#0"},
				"down": {"uv": [15.25, 7.5, 15, 7.75], "texture": "#0"}
			}
		},
		{
			"from": [15, 26.7, -2.2],
			"to": [16.05, 28.4, -1.2],
			"rotation": {"angle": -22.5, "axis": "z", "origin": [8, 34.7, 6.05]},
			"faces": {
				"north": {"uv": [2.5, 14.5, 2.75, 15], "texture": "#0"},
				"east": {"uv": [2.75, 14.5, 3, 15], "texture": "#0"},
				"south": {"uv": [3, 14.5, 3.25, 15], "texture": "#0"},
				"west": {"uv": [4.75, 14.5, 5, 15], "texture": "#0"},
				"up": {"uv": [15.25, 8, 15, 7.75], "texture": "#0"},
				"down": {"uv": [15.25, 8, 15, 8.25], "texture": "#0"}
			}
		},
		{
			"from": [15.25, 27.7, -2.45],
			"to": [16.3, 29.4, -1.45],
			"rotation": {"angle": -22.5, "axis": "z", "origin": [8.25, 35.7, 5.8]},
			"faces": {
				"north": {"uv": [5, 14.5, 5.25, 15], "texture": "#0"},
				"east": {"uv": [5.25, 14.5, 5.5, 15], "texture": "#0"},
				"south": {"uv": [5.5, 14.5, 5.75, 15], "texture": "#0"},
				"west": {"uv": [5.75, 14.5, 6, 15], "texture": "#0"},
				"up": {"uv": [15.25, 8.5, 15, 8.25], "texture": "#0"},
				"down": {"uv": [15.25, 8.5, 15, 8.75], "texture": "#0"}
			}
		},
		{
			"from": [15.275, 29.6, -2.95],
			"to": [16.325, 31.3, -1.95],
			"rotation": {"angle": -22.5, "axis": "z", "origin": [8.275, 37.6, 5.3]},
			"faces": {
				"north": {"uv": [6, 14.5, 6.25, 15], "texture": "#0"},
				"east": {"uv": [6.25, 14.5, 6.5, 15], "texture": "#0"},
				"south": {"uv": [6.5, 14.5, 6.75, 15], "texture": "#0"},
				"west": {"uv": [6.75, 14.5, 7, 15], "texture": "#0"},
				"up": {"uv": [15.25, 9, 15, 8.75], "texture": "#0"},
				"down": {"uv": [15.25, 9, 15, 9.25], "texture": "#0"}
			}
		},
		{
			"from": [15.375, 28.7, -2.7],
			"to": [16.425, 30.4, -1.7],
			"rotation": {"angle": -22.5, "axis": "z", "origin": [8.375, 36.7, 5.55]},
			"faces": {
				"north": {"uv": [7, 14.5, 7.25, 15], "texture": "#0"},
				"east": {"uv": [7.25, 14.5, 7.5, 15], "texture": "#0"},
				"south": {"uv": [7.5, 14.5, 7.75, 15], "texture": "#0"},
				"west": {"uv": [7.75, 14.5, 8, 15], "texture": "#0"},
				"up": {"uv": [15.25, 9.5, 15, 9.25], "texture": "#0"},
				"down": {"uv": [15.25, 9.5, 15, 9.75], "texture": "#0"}
			}
		},
		{
			"from": [15.05, 25.9, -6],
			"to": [16.1, 27.6, -5.05],
			"rotation": {"angle": -22.5, "axis": "z", "origin": [8.05, 33.9, 2.2]},
			"faces": {
				"north": {"uv": [8, 14.5, 8.25, 15], "texture": "#0"},
				"east": {"uv": [8.25, 14.5, 8.5, 15], "texture": "#0"},
				"south": {"uv": [8.5, 14.5, 8.75, 15], "texture": "#0"},
				"west": {"uv": [8.75, 14.5, 9, 15], "texture": "#0"},
				"up": {"uv": [15.25, 10, 15, 9.75], "texture": "#0"},
				"down": {"uv": [15.25, 10, 15, 10.25], "texture": "#0"}
			}
		},
		{
			"from": [15.3, 26.9, -6.15],
			"to": [16.35, 28.6, -5.2],
			"rotation": {"angle": -22.5, "axis": "z", "origin": [8.3, 34.9, 2.05]},
			"faces": {
				"north": {"uv": [9, 14.5, 9.25, 15], "texture": "#0"},
				"east": {"uv": [9.25, 14.5, 9.5, 15], "texture": "#0"},
				"south": {"uv": [9.5, 14.5, 9.75, 15], "texture": "#0"},
				"west": {"uv": [9.75, 14.5, 10, 15], "texture": "#0"},
				"up": {"uv": [15.25, 10.5, 15, 10.25], "texture": "#0"},
				"down": {"uv": [15.25, 10.5, 15, 10.75], "texture": "#0"}
			}
		},
		{
			"from": [15.425, 27.9, -6.3],
			"to": [16.475, 29.6, -5.35],
			"rotation": {"angle": -22.5, "axis": "z", "origin": [8.425, 35.9, 1.9]},
			"faces": {
				"north": {"uv": [10, 14.5, 10.25, 15], "texture": "#0"},
				"east": {"uv": [10.25, 14.5, 10.5, 15], "texture": "#0"},
				"south": {"uv": [10.5, 14.5, 10.75, 15], "texture": "#0"},
				"west": {"uv": [10.75, 14.5, 11, 15], "texture": "#0"},
				"up": {"uv": [15.25, 11, 15, 10.75], "texture": "#0"},
				"down": {"uv": [15.25, 11, 15, 11.25], "texture": "#0"}
			}
		},
		{
			"from": [15.275, 28.9, -6.45],
			"to": [16.325, 30.6, -5.5],
			"rotation": {"angle": -22.5, "axis": "z", "origin": [8.275, 36.9, 1.75]},
			"faces": {
				"north": {"uv": [11, 14.5, 11.25, 15], "texture": "#0"},
				"east": {"uv": [11.25, 14.5, 11.5, 15], "texture": "#0"},
				"south": {"uv": [11.5, 14.5, 11.75, 15], "texture": "#0"},
				"west": {"uv": [11.75, 14.5, 12, 15], "texture": "#0"},
				"up": {"uv": [15.25, 11.5, 15, 11.25], "texture": "#0"},
				"down": {"uv": [15.25, 11.5, 15, 11.75], "texture": "#0"}
			}
		},
		{
			"from": [15.175, 30, -6.7],
			"to": [16.225, 31.7, -5.75],
			"rotation": {"angle": -22.5, "axis": "z", "origin": [8.175, 38, 1.5]},
			"faces": {
				"north": {"uv": [12, 14.5, 12.25, 15], "texture": "#0"},
				"east": {"uv": [12.25, 14.5, 12.5, 15], "texture": "#0"},
				"south": {"uv": [12.5, 14.5, 12.75, 15], "texture": "#0"},
				"west": {"uv": [12.75, 14.5, 13, 15], "texture": "#0"},
				"up": {"uv": [15.25, 12, 15, 11.75], "texture": "#0"},
				"down": {"uv": [15.25, 12, 15, 12.25], "texture": "#0"}
			}
		},
		{
			"from": [15, 24.7, -5.45],
			"to": [15.9, 25.95, -3.85],
			"rotation": {"angle": -22.5, "axis": "z", "origin": [8, 32.45, 2.15]},
			"faces": {
				"north": {"uv": [15, 12.25, 15.25, 12.5], "texture": "#0"},
				"east": {"uv": [13, 14.5, 13.5, 14.75], "texture": "#0"},
				"south": {"uv": [15, 12.5, 15.25, 12.75], "texture": "#0"},
				"west": {"uv": [13.5, 14.5, 14, 14.75], "texture": "#0"},
				"up": {"uv": [14.25, 15, 14, 14.5], "texture": "#0"},
				"down": {"uv": [14.75, 14.5, 14.5, 15], "texture": "#0"}
			}
		},
		{
			"from": [3.12, 1.7, 12.408],
			"to": [6.18, 7.46, 18.168],
			"rotation": {"angle": 0, "axis": "x", "origin": [4.98, 4.72, 15.548]},
			"faces": {
				"north": {"uv": [7.5, 10, 8.25, 11.5], "texture": "#0"},
				"east": {"uv": [3.25, 8.25, 4.75, 9.75], "texture": "#0"},
				"south": {"uv": [8.25, 10, 9, 11.5], "texture": "#0"},
				"west": {"uv": [4.75, 8.25, 6.25, 9.75], "texture": "#0"},
				"up": {"uv": [2, 11.75, 1.25, 10.25], "texture": "#0"},
				"down": {"uv": [2.75, 10.25, 2, 11.75], "texture": "#0"}
			}
		},
		{
			"from": [3.48, 0.008, 11.76],
			"to": [6.18, 5.048, 16.98],
			"rotation": {"angle": 0, "axis": "x", "origin": [4.98, 4.72, 15.548]},
			"faces": {
				"north": {"uv": [8, 11.5, 8.75, 12.75], "texture": "#0"},
				"east": {"uv": [9.25, 3, 10.5, 4.25], "texture": "#0"},
				"south": {"uv": [11.5, 0, 12.25, 1.25], "texture": "#0"},
				"west": {"uv": [9.25, 4.25, 10.5, 5.5], "texture": "#0"},
				"up": {"uv": [12.25, 9.25, 11.5, 8], "texture": "#0"},
				"down": {"uv": [1.5, 11.75, 0.75, 13], "texture": "#0"}
			}
		},
		{
			"from": [3.696, -0.82228, 11.95349],
			"to": [6.036, 1.98572, 15.66149],
			"rotation": {"angle": 0, "axis": "x", "origin": [4.98, 5.47, 16.048]},
			"faces": {
				"north": {"uv": [11.5, 9.25, 12, 10], "texture": "#0"},
				"east": {"uv": [6.25, 5.5, 7.25, 6.25], "texture": "#0"},
				"south": {"uv": [12.75, 11.75, 13.25, 12.5], "texture": "#0"},
				"west": {"uv": [12.25, 0, 13.25, 0.75], "texture": "#0"},
				"up": {"uv": [2.5, 5, 2, 4], "texture": "#0"},
				"down": {"uv": [4.25, 5, 3.75, 6], "texture": "#0"}
			}
		},
		{
			"from": [3.696, -6.706, 15.314],
			"to": [6.036, 0.25, 17.366],
			"rotation": {"angle": 22.5, "axis": "x", "origin": [4.98, 5.97, 15.798]},
			"faces": {
				"north": {"uv": [2.25, 11.75, 2.75, 13.5], "texture": "#0"},
				"east": {"uv": [6.5, 12.25, 7, 14], "texture": "#0"},
				"south": {"uv": [11, 12.25, 11.5, 14], "texture": "#0"},
				"west": {"uv": [11.5, 12.25, 12, 14], "texture": "#0"},
				"up": {"uv": [13.75, 6.5, 13.25, 6], "texture": "#0"},
				"down": {"uv": [13.75, 6.5, 13.25, 7], "texture": "#0"}
			}
		},
		{
			"from": [3.696, -8.35, 14.462],
			"to": [6.036, -6.542, 16.77],
			"rotation": {"angle": 22.5, "axis": "x", "origin": [4.98, 5.47, 15.798]},
			"faces": {
				"north": {"uv": [13.25, 7, 13.75, 7.5], "texture": "#0"},
				"east": {"uv": [13.25, 7.5, 13.75, 8], "texture": "#0"},
				"south": {"uv": [13.25, 8, 13.75, 8.5], "texture": "#0"},
				"west": {"uv": [13.25, 8.5, 13.75, 9], "texture": "#0"},
				"up": {"uv": [13.75, 9.5, 13.25, 9], "texture": "#0"},
				"down": {"uv": [13.75, 9.5, 13.25, 10], "texture": "#0"}
			}
		},
		{
			"from": [10.72, 3.208, -0.24],
			"to": [13.42, 8.248, 4.98],
			"rotation": {"angle": 22.5, "axis": "x", "origin": [11.92, 5.92, 2.548]},
			"faces": {
				"north": {"uv": [9.5, 12, 10.25, 13.25], "texture": "#0"},
				"east": {"uv": [9.25, 8, 10.5, 9.25], "texture": "#0"},
				"south": {"uv": [10.25, 12, 11, 13.25], "texture": "#0"},
				"west": {"uv": [0, 9.5, 1.25, 10.75], "texture": "#0"},
				"up": {"uv": [12.75, 6.75, 12, 5.5], "texture": "#0"},
				"down": {"uv": [12.75, 6.75, 12, 8], "texture": "#0"}
			}
		},
		{
			"from": [10.864, 1.0928, 0.14274],
			"to": [13.204, 3.9008, 3.85074],
			"rotation": {"angle": 0, "axis": "x", "origin": [11.92, 5.92, 2.548]},
			"faces": {
				"north": {"uv": [9.5, 13.25, 10, 14], "texture": "#0"},
				"east": {"uv": [3.25, 12.5, 4.25, 13.25], "texture": "#0"},
				"south": {"uv": [10, 13.25, 10.5, 14], "texture": "#0"},
				"west": {"uv": [12.5, 12.5, 13.5, 13.25], "texture": "#0"},
				"up": {"uv": [13.25, 6, 12.75, 5], "texture": "#0"},
				"down": {"uv": [13.25, 6, 12.75, 7], "texture": "#0"}
			}
		},
		{
			"from": [10.564, -4.106, 0.664],
			"to": [13.404, 1.45, 3.216],
			"rotation": {"angle": 0, "axis": "x", "origin": [11.92, 5.67, 0.548]},
			"faces": {
				"north": {"uv": [10.5, 4, 11.25, 5.5], "texture": "#0"},
				"east": {"uv": [10.5, 5.5, 11.25, 7], "texture": "#0"},
				"south": {"uv": [10.5, 7, 11.25, 8.5], "texture": "#0"},
				"west": {"uv": [0, 10.75, 0.75, 12.25], "texture": "#0"},
				"up": {"uv": [13.5, 3, 12.75, 2.25], "texture": "#0"},
				"down": {"uv": [13.5, 3, 12.75, 3.75], "texture": "#0"}
			}
		},
		{
			"from": [10.864, -11.656, -5.936],
			"to": [13.204, -7.3, -3.884],
			"rotation": {"angle": -45, "axis": "x", "origin": [11.92, 2.42, -6.452]},
			"faces": {
				"north": {"uv": [1.75, 13, 2.25, 14], "texture": "#0"},
				"east": {"uv": [3.25, 13.25, 3.75, 14.25], "texture": "#0"},
				"south": {"uv": [3.75, 13.25, 4.25, 14.25], "texture": "#0"},
				"west": {"uv": [4.25, 13.25, 4.75, 14.25], "texture": "#0"},
				"up": {"uv": [14, 5, 13.5, 4.5], "texture": "#0"},
				"down": {"uv": [14, 12.5, 13.5, 13], "texture": "#0"}
			}
		},
		{
			"from": [10.864, -2.166, 4.56],
			"to": [13.204, 0.142, 6.368],
			"rotation": {"angle": 22.5, "axis": "x", "origin": [11.92, -1.83, -8.952]},
			"faces": {
				"north": {"uv": [7.5, 14, 7, 13.5], "rotation": 180, "texture": "#0"},
				"east": {"uv": [5, 13.5, 5.5, 14], "rotation": 90, "texture": "#0"},
				"south": {"uv": [8, 13.5, 7.5, 14], "texture": "#0"},
				"west": {"uv": [6, 13.5, 6.5, 14], "rotation": 270, "texture": "#0"},
				"up": {"uv": [5.5, 13.5, 6, 14], "texture": "#0"},
				"down": {"uv": [2.25, 13.5, 2.75, 14], "rotation": 180, "texture": "#0"}
			}
		},
		{
			"from": [9.82, 1.2, 12.408],
			"to": [12.88, 6.96, 18.168],
			"rotation": {"angle": -45, "axis": "x", "origin": [11.02, 4.22, 15.548]},
			"faces": {
				"north": {"uv": [10.75, 0, 11.5, 1.5], "texture": "#0"},
				"east": {"uv": [8.25, 0, 9.75, 1.5], "texture": "#0"},
				"south": {"uv": [10.75, 8.5, 11.5, 10], "texture": "#0"},
				"west": {"uv": [8.25, 1.5, 9.75, 3], "texture": "#0"},
				"up": {"uv": [3.5, 12.5, 2.75, 11], "texture": "#0"},
				"down": {"uv": [4.25, 11, 3.5, 12.5], "texture": "#0"}
			}
		},
		{
			"from": [9.82, -0.492, 11.76],
			"to": [12.52, 4.548, 16.98],
			"rotation": {"angle": -45, "axis": "x", "origin": [11.02, 4.22, 15.548]},
			"faces": {
				"north": {"uv": [12, 9.25, 12.75, 10.5], "texture": "#0"},
				"east": {"uv": [3, 9.75, 4.25, 11], "texture": "#0"},
				"south": {"uv": [0, 12.25, 0.75, 13.5], "texture": "#0"},
				"west": {"uv": [4.25, 9.75, 5.5, 11], "texture": "#0"},
				"up": {"uv": [5.75, 13.5, 5, 12.25], "texture": "#0"},
				"down": {"uv": [6.5, 12.25, 5.75, 13.5], "texture": "#0"}
			}
		},
		{
			"from": [9.964, -2.07228, 12.45349],
			"to": [12.304, 0.73572, 16.16149],
			"rotation": {"angle": -45, "axis": "x", "origin": [11.02, 4.22, 16.548]},
			"faces": {
				"north": {"uv": [10.5, 13.25, 11, 14], "texture": "#0"},
				"east": {"uv": [12.5, 0.75, 13.5, 1.5], "texture": "#0"},
				"south": {"uv": [12.5, 13.25, 13, 14], "texture": "#0"},
				"west": {"uv": [12.5, 1.5, 13.5, 2.25], "texture": "#0"},
				"up": {"uv": [13.25, 8, 12.75, 7], "texture": "#0"},
				"down": {"uv": [13.25, 8.75, 12.75, 9.75], "texture": "#0"}
			}
		},
		{
			"from": [9.964, -7.706, 18.064],
			"to": [12.304, -0.75, 20.116],
			"rotation": {"angle": 0, "axis": "x", "origin": [11.02, 4.97, 18.548]},
			"faces": {
				"north": {"uv": [12, 12.25, 12.5, 14], "texture": "#0"},
				"east": {"uv": [12.25, 2.5, 12.75, 4.25], "texture": "#0"},
				"south": {"uv": [12.25, 10.5, 12.75, 12.25], "texture": "#0"},
				"west": {"uv": [2.75, 12.5, 3.25, 14.25], "texture": "#0"},
				"up": {"uv": [8.5, 14, 8, 13.5], "texture": "#0"},
				"down": {"uv": [14, 13.5, 13.5, 14], "texture": "#0"}
			}
		},
		{
			"from": [9.964, -8.35, 17.212],
			"to": [12.304, -6.542, 19.52],
			"rotation": {"angle": 0, "axis": "x", "origin": [11.02, 5.47, 18.548]},
			"faces": {
				"north": {"uv": [13.5, 0.5, 14, 1], "texture": "#0"},
				"east": {"uv": [13.5, 1, 14, 1.5], "texture": "#0"},
				"south": {"uv": [13.5, 1.5, 14, 2], "texture": "#0"},
				"west": {"uv": [13.5, 2, 14, 2.5], "texture": "#0"},
				"up": {"uv": [14, 3, 13.5, 2.5], "texture": "#0"},
				"down": {"uv": [14, 3, 13.5, 3.5], "texture": "#0"}
			}
		},
		{
			"from": [2.58, 3.208, -0.24],
			"to": [5.28, 8.248, 4.98],
			"rotation": {"angle": 0, "axis": "y", "origin": [4.08, 5.92, 2.548]},
			"faces": {
				"north": {"uv": [10.25, 12, 9.5, 13.25], "texture": "#0"},
				"east": {"uv": [1.25, 9.5, 0, 10.75], "texture": "#0"},
				"south": {"uv": [11, 12, 10.25, 13.25], "texture": "#0"},
				"west": {"uv": [10.5, 8, 9.25, 9.25], "texture": "#0"},
				"up": {"uv": [12, 6.75, 12.75, 5.5], "texture": "#0"},
				"down": {"uv": [12, 6.75, 12.75, 8], "texture": "#0"}
			}
		},
		{
			"from": [2.796, 1.0928, 0.14274],
			"to": [5.136, 3.9008, 3.85074],
			"rotation": {"angle": 0, "axis": "x", "origin": [4.08, 5.92, 2.548]},
			"faces": {
				"north": {"uv": [10, 13.25, 9.5, 14], "texture": "#0"},
				"east": {"uv": [13.5, 12.5, 12.5, 13.25], "texture": "#0"},
				"south": {"uv": [10.5, 13.25, 10, 14], "texture": "#0"},
				"west": {"uv": [4.25, 12.5, 3.25, 13.25], "texture": "#0"},
				"up": {"uv": [12.75, 6, 13.25, 5], "texture": "#0"},
				"down": {"uv": [12.75, 6, 13.25, 7], "texture": "#0"}
			}
		},
		{
			"from": [2.596, -3.356, 0.664],
			"to": [5.436, 2.2, 3.216],
			"rotation": {"angle": 0, "axis": "x", "origin": [4.08, 6.42, 0.548]},
			"faces": {
				"north": {"uv": [11.25, 4, 10.5, 5.5], "texture": "#0"},
				"east": {"uv": [0.75, 10.75, 0, 12.25], "texture": "#0"},
				"south": {"uv": [11.25, 7, 10.5, 8.5], "texture": "#0"},
				"west": {"uv": [11.25, 5.5, 10.5, 7], "texture": "#0"},
				"up": {"uv": [12.75, 3, 13.5, 2.25], "texture": "#0"},
				"down": {"uv": [12.75, 3, 13.5, 3.75], "texture": "#0"}
			}
		},
		{
			"from": [2.796, -7.406, 1.064],
			"to": [5.136, -3.05, 3.116],
			"rotation": {"angle": 0, "axis": "x", "origin": [4.08, 6.67, 0.548]},
			"faces": {
				"north": {"uv": [2.25, 13, 1.75, 14], "texture": "#0"},
				"east": {"uv": [4.75, 13.25, 4.25, 14.25], "texture": "#0"},
				"south": {"uv": [4.25, 13.25, 3.75, 14.25], "texture": "#0"},
				"west": {"uv": [3.75, 13.25, 3.25, 14.25], "texture": "#0"},
				"up": {"uv": [13.5, 5, 14, 4.5], "texture": "#0"},
				"down": {"uv": [13.5, 12.5, 14, 13], "texture": "#0"}
			}
		},
		{
			"from": [2.796, -8.65, 0.212],
			"to": [5.136, -6.842, 2.52],
			"rotation": {"angle": 0, "axis": "x", "origin": [4.08, 6.67, 0.548]},
			"faces": {
				"north": {"uv": [2.75, 13.5, 2.25, 14], "texture": "#0"},
				"east": {"uv": [6.5, 13.5, 6, 14], "texture": "#0"},
				"south": {"uv": [6, 13.5, 5.5, 14], "texture": "#0"},
				"west": {"uv": [5.5, 13.5, 5, 14], "texture": "#0"},
				"up": {"uv": [7, 14, 7.5, 13.5], "texture": "#0"},
				"down": {"uv": [7.5, 13.5, 8, 14], "texture": "#0"}
			}
		}
	],
	"display": {
		"head": {
			"translation": [0, -9.25, -2.75],
			"scale": [2, 2, 2]
		}
	},
	"groups": [0, 1, 2, 3, 4, 5, 6, 7, 8, 9,
		{
			"name": "group",
			"origin": [13.9, 20.5, 11.45],
			"children": [10, 11, 12, 13, 14, 15, 16, 17, 18, 19, 20, 21, 22, 23, 24, 25, 26, 27, 28, 29, 30, 31, 32, 33, 34, 35, 36, 37, 38, 39, 40, 41, 42, 43, 44, 45, 46, 47]
		},
		{
			"name": "group",
			"origin": [13.9, 20.5, 11.45],
			"children": [48, 49, 50, 51, 52, 53, 54, 55, 56, 57, 58, 59, 60, 61, 62, 63, 64, 65, 66, 67, 68, 69, 70, 71, 72, 73, 74, 75, 76, 77, 78, 79, 80, 81, 82, 83, 84, 85]
		},
		{
			"name": "group",
			"origin": [4.28, 0.72, 8.748],
			"children": [86, 87, 88, 89, 90]
		},
		{
			"name": "group",
			"origin": [2.98, 0.82, -3.252],
			"children": [91, 92, 93, 94, 95]
		},
		{
			"name": "group",
			"origin": [4.28, 0.72, 8.748],
			"children": [96, 97, 98, 99, 100]
		},
		{
			"name": "group",
			"origin": [2.98, 0.82, -3.252],
			"children": [101, 102, 103, 104, 105]
		}
	]
}