{
    "providers": [
        {
            "type": "ttf",
            "file": "minecraft:negative_spaces.ttf",
            "shift": [0.0, 0.0],
            "size": 10.0,
            "oversample": 1.0
        },
        {
            "type": "bitmap",
            "file": "minecraft:gbtan/thirst_bar/empty.png",
            "ascent": -5,
            "height": 9,
            "chars": ["\uAF61"]
        },
        {
            "type": "bitmap",
            "file": "minecraft:gbtan/thirst_bar/filled.png",
            "ascent": -5,
            "height": 9,
            "chars": ["\uAF62"]
        },
        {
            "type": "bitmap",
            "file": "minecraft:gbtan/thirst_bar/half_filled.png",
            "ascent": -5,
            "height": 9,
            "chars": ["\uAF63"]
        },
        {
            "type": "bitmap",
            "file": "minecraft:gbtan/thirst_bar/poisoned.png",
            "ascent": -5,
            "height": 9,
            "chars": ["\uAF64"]
        },
        {
            "type": "bitmap",
            "file": "minecraft:gbtan/thirst_bar/half_poisoned.png",
            "ascent": -5,
            "height": 9,
            "chars": ["\uAF65"]
        },
        {
            "type": "bitmap",
            "file": "minecraft:gbtan/hypothermia.png",
            "ascent": 100,
            "height": 1000,
            "chars": ["\uAF66"]
        },
        {
            "type": "bitmap",
            "file": "minecraft:gbtan/hyperthermia.png",
            "ascent": 100,
            "height": 1000,
            "chars": ["\uAF67"]
        },
        {
            "type": "bitmap",
            "file": "minecraft:gbtan/temp_bar/temp_neutral.png",
            "ascent": -12,
            "height": 16,
            "chars": ["\uAF50"]
        },
        {
            "type": "bitmap",
            "file": "minecraft:gbtan/temp_bar/cold_temp_2.png",
            "ascent": -12,
            "height": 16,
            "chars": ["\uAF51"]
        },
        {
            "type": "bitmap",
            "file": "minecraft:gbtan/temp_bar/cold_temp.png",
            "ascent": -12,
            "height": 16,
            "chars": ["\uAF52"]
        },
        {
            "type": "bitmap",
            "file": "minecraft:gbtan/temp_bar/freeze_temp.png",
            "ascent": -12,
            "height": 16,
            "chars": ["\uAF53"]
        },
        {
            "type": "bitmap",
            "file": "minecraft:gbtan/temp_bar/hot_temp_2.png",
            "ascent": -12,
            "height": 16,
            "chars": ["\uAF54"]
        },
        {
            "type": "bitmap",
            "file": "minecraft:gbtan/temp_bar/hot_temp.png",
            "ascent": -12,
            "height": 16,
            "chars": ["\uAF55"]
        },
        {
            "type": "bitmap",
            "file": "minecraft:gbtan/temp_bar/flaming_temp.png",
            "ascent": -12,
            "height": 16,
            "chars": ["\uAF56"]
        },
        {
            "type": "bitmap",
            "file": "minecraft:gbtan/apple_juice_recipe.png",
            "ascent": 0,
            "height": 56,
            "chars": ["\uAF10"]
        },
        {
            "type": "bitmap",
            "file": "minecraft:gbtan/thirst_bar/filled.png",
            "ascent": 9,
            "height": 9,
            "chars": ["\uAF91"]
        },
        {
            "type": "bitmap",
            "file": "minecraft:gbtan/thirst_bar/half.png",
            "ascent": 9,
            "height": 9,
            "chars": ["\uAF92"]
        },
        {
            "type": "bitmap",
            "file": "minecraft:gbtan/compact_machine_icon.png",
            "ascent": 9,
            "height": 62,
            "chars": ["\uED60"]
        },
        {
            "type": "bitmap",
            "file": "minecraft:gbtan/condensed_iron_alloy_ingot_recipe.png",
            "ascent": 6,
            "height": 58,
            "chars": ["\uED61"]
        },
        {
            "type": "bitmap",
            "file": "minecraft:gbtan/compact_machine_demoroom2.png",
            "ascent": 0,
            "height": 50,
            "chars": ["\uED62"]
        },
        {
            "type": "bitmap",
            "file": "minecraft:gbtan/psd.png",
            "ascent": 10,
            "height": 12,
            "chars": ["\uED63"]
        },
        {
            "type": "bitmap",
            "file": "minecraft:gbtan/psdrecipe.png",
            "ascent": 6,
            "height": 52,
            "chars": ["\uED64"]
        },
        {
            "type": "bitmap",
            "file": "minecraft:gbtan/electrified_obsidian_ingot.png",
            "ascent": 9,
            "height": 12,
            "chars": ["\uED65"]
        },
        {
            "type": "bitmap",
            "file": "minecraft:gbtan/condensed_iron_alloy_ingot.png",
            "ascent": 9,
            "height": 12,
            "chars": ["\uED66"]
        },
        {
            "type": "bitmap",
            "file": "minecraft:gbtan/electrified_obsidian_ingot_recipe.png",
            "ascent": 6,
            "height": 58,
            "chars": ["\uED67"]
        },
        {
            "type": "bitmap",
            "file": "minecraft:gbtan/compact_machine_recipe.png",
            "ascent": 6,
            "height": 58,
            "chars": ["\uED68"]
        },
        {
            "type": "bitmap",
            "file": "minecraft:gbtan/compact_machine_icon.png",
            "ascent": 9,
            "height": 12,
            "chars": ["\uED69"]
        },
        {
            "type": "bitmap",
            "file": "minecraft:gbtan/saturation/half.png",
            "ascent": -26,
            "height": 9,
            "chars": ["\uFF01"]
        },
        {
            "type": "bitmap",
            "file": "minecraft:gbtan/saturation/full.png",
            "ascent": -26,
            "height": 9,
            "chars": ["\uFF02"]
        }
    ]
}