{
	"credit": "Made with Blockbench",
	"texture_size": [8, 8],
	"textures": {
		"0": "gbtan/temperature_stabilizer_core",
		"particle": "gbtan/temperature_stabilizer_core"
	},
	"elements": [
		{
			"from": [7.5, 5, 7.5],
			"to": [9.5, 9, 9.5],
			"rotation": {"angle": 0, "axis": "y", "origin": [8.5, 7, 8.5]},
			"faces": {
				"north": {"uv": [0, 0, 4, 8], "texture": "#0"},
				"east": {"uv": [4, 4, 8, 12], "texture": "#0"},
				"south": {"uv": [0, 8, 4, 16], "texture": "#0"},
				"west": {"uv": [8, 8, 12, 16], "texture": "#0"},
				"up": {"uv": [8, 4, 4, 0], "texture": "#0"},
				"down": {"uv": [12, 0, 8, 4], "texture": "#0"}
			}
		}
	],
	"display": {
		"firstperson_righthand": {
			"rotation": [-14.5, 0, 0],
			"translation": [0, 3.5, 0]
		},
		"firstperson_lefthand": {
			"rotation": [-14.5, 0, 0],
			"translation": [0, 3.5, 0]
		},
		"gui": {
			"rotation": [4.25, -18.25, -32.25],
			"translation": [0.75, 3.25, 0],
			"scale": [3, 3, 3]
		},
		"fixed": {
			"rotation": [0, 0, 32.25],
			"translation": [-3.25, 2.25, 0],
			"scale": [3, 3, 3]
		}
	}
}