{
	"credit": "Made with Blockbench",
	"textures": {
		"0": "leave",
		"1": "log",
		"2": "leave2",
		"3": "leave3",
		"4": "leave4",
		"particle": "leave"
	},
	"elements": [
		{
			"from": [5.04331, -12.51687, 5.04331],
			"to": [10.95669, -2.16844, 10.95669],
			"rotation": {"angle": 0, "axis": "y", "origin": [18.34843, 6.70164, 19.82678]},
			"faces": {
				"north": {"uv": [0, 0, 4, 7], "texture": "#1"},
				"east": {"uv": [0, 0, 4, 7], "texture": "#1"},
				"south": {"uv": [0, 0, 4, 7], "texture": "#1"},
				"west": {"uv": [0, 0, 4, 7], "texture": "#1"},
				"up": {"uv": [0, 0, 4, 4], "texture": "#1"},
				"down": {"uv": [0, 0, 4, 4], "texture": "#1"}
			}
		},
		{
			"from": [5.78248, -2.16844, 5.78248],
			"to": [10.21752, 14.09338, 10.21752],
			"rotation": {"angle": 0, "axis": "y", "origin": [18.34843, 17.05008, 19.82678]},
			"faces": {
				"north": {"uv": [0, 0, 3, 16], "texture": "#1"},
				"east": {"uv": [0, 0, 3, 16], "texture": "#1"},
				"south": {"uv": [0, 0, 3, 16], "texture": "#1"},
				"west": {"uv": [0, 0, 3, 16], "texture": "#1"},
				"up": {"uv": [0, 0, 3, 16], "texture": "#1"},
				"down": {"uv": [0, 0, 3, 16], "texture": "#1"}
			}
		},
		{
			"from": [6.52165, 14.09338, 6.52165],
			"to": [9.47835, 23.3552, 9.47835],
			"rotation": {"angle": 0, "axis": "y", "origin": [18.34843, 33.31189, 19.82678]},
			"faces": {
				"north": {"uv": [0, 0, 2, 11], "texture": "#1"},
				"east": {"uv": [0, 0, 2, 11], "texture": "#1"},
				"south": {"uv": [0, 0, 2, 11], "texture": "#1"},
				"west": {"uv": [0, 0, 2, 11], "texture": "#1"},
				"up": {"uv": [0, 0, 2, 2], "texture": "#1"},
				"down": {"uv": [0, 0, 2, 2], "texture": "#1"}
			}
		},
		{
			"from": [7.02165, 23.09338, 7.02165],
			"to": [8.97835, 31.6052, 8.97835],
			"rotation": {"angle": 0, "axis": "y", "origin": [18.34843, 41.31189, 19.82678]},
			"faces": {
				"north": {"uv": [0, 0, 2, 11], "texture": "#1"},
				"east": {"uv": [0, 0, 2, 11], "texture": "#1"},
				"south": {"uv": [0, 0, 2, 11], "texture": "#1"},
				"west": {"uv": [0, 0, 2, 11], "texture": "#1"},
				"up": {"uv": [0, 0, 2, 2], "texture": "#1"},
				"down": {"uv": [0, 0, 2, 2], "texture": "#1"}
			}
		},
		{
			"from": [4.30413, -15.47356, 4.30413],
			"to": [11.69587, -12.51687, 11.69587],
			"rotation": {"angle": 0, "axis": "y", "origin": [18.34843, 6.70164, 19.82678]},
			"faces": {
				"north": {"uv": [0, 0, 8, 4], "texture": "#1"},
				"east": {"uv": [0, 0, 8, 4], "texture": "#1"},
				"south": {"uv": [0, 0, 8, 4], "texture": "#1"},
				"west": {"uv": [0, 0, 8, 4], "texture": "#1"},
				"up": {"uv": [0, 0, 8, 8], "texture": "#1"},
				"down": {"uv": [0, 0, 8, 8], "texture": "#1"}
			}
		},
		{
			"from": [9.47835, 21.48512, 5.04331],
			"to": [9.47835, 31.83355, 10.95669],
			"rotation": {"angle": 22.5, "axis": "z", "origin": [9.47835, 30.3552, 8]},
			"faces": {
				"north": {"uv": [0, 0, 14.66667, 16], "rotation": 180, "texture": "#0"},
				"east": {"uv": [0, 0, 14.66667, 16], "texture": "#0"},
				"south": {"uv": [0, 0, 14.66667, 16], "texture": "#0"},
				"west": {"uv": [0, 0, 14.66667, 16], "texture": "#0"},
				"up": {"uv": [0, 0, 14.66667, 16], "texture": "#0"},
				"down": {"uv": [0, 0, 14.66667, 16], "texture": "#0"}
			}
		},
		{
			"from": [9.47835, 18.48512, 5.04331],
			"to": [9.47835, 28.83355, 10.95669],
			"rotation": {"angle": 22.5, "axis": "z", "origin": [9.47835, 27.3552, 8]},
			"faces": {
				"north": {"uv": [0, 0, 14.66667, 16], "rotation": 180, "texture": "#0"},
				"east": {"uv": [0, 0, 14.66667, 16], "texture": "#0"},
				"south": {"uv": [0, 0, 14.66667, 16], "texture": "#0"},
				"west": {"uv": [0, 0, 14.66667, 16], "texture": "#0"},
				"up": {"uv": [0, 0, 14.66667, 16], "texture": "#0"},
				"down": {"uv": [0, 0, 14.66667, 16], "texture": "#0"}
			}
		},
		{
			"from": [10.47835, 14.48512, 5.04331],
			"to": [10.47835, 24.83355, 10.95669],
			"rotation": {"angle": 22.5, "axis": "z", "origin": [10.47835, 23.3552, 8]},
			"faces": {
				"north": {"uv": [0, 0, 14.66667, 16], "rotation": 180, "texture": "#0"},
				"east": {"uv": [0, 0, 14.66667, 16], "texture": "#0"},
				"south": {"uv": [0, 0, 14.66667, 16], "texture": "#0"},
				"west": {"uv": [0, 0, 14.66667, 16], "texture": "#0"},
				"up": {"uv": [0, 0, 14.66667, 16], "texture": "#0"},
				"down": {"uv": [0, 0, 14.66667, 16], "texture": "#0"}
			}
		},
		{
			"from": [5.04331, 21.48512, 9.47835],
			"to": [10.95669, 31.83355, 9.47835],
			"rotation": {"angle": -22.5, "axis": "x", "origin": [8, 30.3552, 9.47835]},
			"faces": {
				"north": {"uv": [0, 0, 14.66667, 16], "texture": "#0"},
				"east": {"uv": [0, 0, 14.66667, 16], "rotation": 180, "texture": "#0"},
				"south": {"uv": [0, 0, 14.66667, 16], "texture": "#0"},
				"west": {"uv": [0, 0, 14.66667, 16], "texture": "#0"},
				"up": {"uv": [0, 0, 14.66667, 16], "rotation": 90, "texture": "#0"},
				"down": {"uv": [0, 0, 14.66667, 16], "rotation": 270, "texture": "#0"}
			}
		},
		{
			"from": [5.04331, 18.48512, 9.47835],
			"to": [10.95669, 28.83355, 9.47835],
			"rotation": {"angle": -22.5, "axis": "x", "origin": [8, 27.3552, 9.47835]},
			"faces": {
				"north": {"uv": [0, 0, 14.66667, 16], "texture": "#0"},
				"east": {"uv": [0, 0, 14.66667, 16], "rotation": 180, "texture": "#0"},
				"south": {"uv": [0, 0, 14.66667, 16], "texture": "#0"},
				"west": {"uv": [0, 0, 14.66667, 16], "texture": "#0"},
				"up": {"uv": [0, 0, 14.66667, 16], "rotation": 90, "texture": "#0"},
				"down": {"uv": [0, 0, 14.66667, 16], "rotation": 270, "texture": "#0"}
			}
		},
		{
			"from": [5.04331, 14.48512, 10.47835],
			"to": [10.95669, 24.83355, 10.47835],
			"rotation": {"angle": -22.5, "axis": "x", "origin": [8, 23.3552, 10.47835]},
			"faces": {
				"north": {"uv": [0, 0, 14.66667, 16], "texture": "#0"},
				"east": {"uv": [0, 0, 14.66667, 16], "rotation": 180, "texture": "#0"},
				"south": {"uv": [0, 0, 14.66667, 16], "texture": "#0"},
				"west": {"uv": [0, 0, 14.66667, 16], "texture": "#0"},
				"up": {"uv": [0, 0, 14.66667, 16], "rotation": 90, "texture": "#0"},
				"down": {"uv": [0, 0, 14.66667, 16], "rotation": 270, "texture": "#0"}
			}
		},
		{
			"from": [6.52165, 21.48512, 5.04331],
			"to": [6.52165, 31.83355, 10.95669],
			"rotation": {"angle": -22.5, "axis": "z", "origin": [6.52165, 30.3552, 8]},
			"faces": {
				"north": {"uv": [14.66667, 0, 0, 16], "rotation": 180, "texture": "#0"},
				"east": {"uv": [14.66667, 0, 0, 16], "texture": "#0"},
				"south": {"uv": [14.66667, 0, 0, 16], "texture": "#0"},
				"west": {"uv": [14.66667, 0, 0, 16], "texture": "#0"},
				"up": {"uv": [14.66667, 0, 0, 16], "texture": "#0"},
				"down": {"uv": [14.66667, 0, 0, 16], "texture": "#0"}
			}
		},
		{
			"from": [6.52165, 18.48512, 5.04331],
			"to": [6.52165, 28.83355, 10.95669],
			"rotation": {"angle": -22.5, "axis": "z", "origin": [6.52165, 27.3552, 8]},
			"faces": {
				"north": {"uv": [14.66667, 0, 0, 16], "rotation": 180, "texture": "#0"},
				"east": {"uv": [14.66667, 0, 0, 16], "texture": "#0"},
				"south": {"uv": [14.66667, 0, 0, 16], "texture": "#0"},
				"west": {"uv": [14.66667, 0, 0, 16], "texture": "#0"},
				"up": {"uv": [14.66667, 0, 0, 16], "texture": "#0"},
				"down": {"uv": [14.66667, 0, 0, 16], "texture": "#0"}
			}
		},
		{
			"from": [5.52165, 14.48512, 5.04331],
			"to": [5.52165, 24.83355, 10.95669],
			"rotation": {"angle": -22.5, "axis": "z", "origin": [5.52165, 23.3552, 8]},
			"faces": {
				"north": {"uv": [14.66667, 0, 0, 16], "rotation": 180, "texture": "#0"},
				"east": {"uv": [14.66667, 0, 0, 16], "texture": "#0"},
				"south": {"uv": [14.66667, 0, 0, 16], "texture": "#0"},
				"west": {"uv": [14.66667, 0, 0, 16], "texture": "#0"},
				"up": {"uv": [14.66667, 0, 0, 16], "texture": "#0"},
				"down": {"uv": [14.66667, 0, 0, 16], "texture": "#0"}
			}
		},
		{
			"from": [5.04331, 21.48512, 6.52165],
			"to": [10.95669, 31.83355, 6.52165],
			"rotation": {"angle": 22.5, "axis": "x", "origin": [8, 30.3552, 6.52165]},
			"faces": {
				"north": {"uv": [14.66667, 0, 0, 16], "texture": "#0"},
				"east": {"uv": [14.66667, 0, 0, 16], "rotation": 180, "texture": "#0"},
				"south": {"uv": [14.66667, 0, 0, 16], "texture": "#0"},
				"west": {"uv": [14.66667, 0, 0, 16], "texture": "#0"},
				"up": {"uv": [14.66667, 0, 0, 16], "rotation": 90, "texture": "#0"},
				"down": {"uv": [14.66667, 0, 0, 16], "rotation": 270, "texture": "#0"}
			}
		},
		{
			"from": [7.04331, 31.6552, 7.15157],
			"to": [8.95669, 31.6552, 9],
			"rotation": {"angle": 0, "axis": "x", "origin": [9, 31.6552, 7.52165]},
			"faces": {
				"north": {"uv": [8.33333, 6.33333, 4, 10.66667], "rotation": 180, "texture": "#0"},
				"east": {"uv": [8.33333, 6.33333, 4, 10.66667], "rotation": 180, "texture": "#0"},
				"south": {"uv": [8.33333, 6.33333, 4, 10.66667], "rotation": 180, "texture": "#0"},
				"west": {"uv": [8.33333, 6.33333, 4, 10.66667], "rotation": 180, "texture": "#0"},
				"up": {"uv": [8.33333, 6.33333, 4, 10.66667], "rotation": 180, "texture": "#0"},
				"down": {"uv": [8.33333, 6.33333, 4, 10.66667], "rotation": 180, "texture": "#0"}
			}
		},
		{
			"from": [5.04331, 18.48512, 6.52165],
			"to": [10.95669, 28.83355, 6.52165],
			"rotation": {"angle": 22.5, "axis": "x", "origin": [8, 27.3552, 6.52165]},
			"faces": {
				"north": {"uv": [14.66667, 0, 0, 16], "texture": "#0"},
				"east": {"uv": [14.66667, 0, 0, 16], "rotation": 180, "texture": "#0"},
				"south": {"uv": [14.66667, 0, 0, 16], "texture": "#0"},
				"west": {"uv": [14.66667, 0, 0, 16], "texture": "#0"},
				"up": {"uv": [14.66667, 0, 0, 16], "rotation": 90, "texture": "#0"},
				"down": {"uv": [14.66667, 0, 0, 16], "rotation": 270, "texture": "#0"}
			}
		},
		{
			"from": [5.04331, 14.48512, 5.52165],
			"to": [10.95669, 24.83355, 5.52165],
			"rotation": {"angle": 22.5, "axis": "x", "origin": [8, 23.3552, 5.52165]},
			"faces": {
				"north": {"uv": [14.66667, 0, 0, 16], "texture": "#0"},
				"east": {"uv": [14.66667, 0, 0, 16], "rotation": 180, "texture": "#0"},
				"south": {"uv": [14.66667, 0, 0, 16], "texture": "#0"},
				"west": {"uv": [14.66667, 0, 0, 16], "texture": "#0"},
				"up": {"uv": [14.66667, 0, 0, 16], "rotation": 90, "texture": "#0"},
				"down": {"uv": [14.66667, 0, 0, 16], "rotation": 270, "texture": "#0"}
			}
		},
		{
			"from": [9.47835, 17.05008, 8],
			"to": [9.47835, 25.92016, 13.91339],
			"rotation": {"angle": 22.5, "axis": "z", "origin": [9.47835, 25.92016, 10.95669]},
			"faces": {
				"north": {"uv": [0, 0, 14.66667, 16], "rotation": 180, "texture": "#0"},
				"east": {"uv": [0, 0, 14.66667, 16], "texture": "#0"},
				"south": {"uv": [0, 0, 14.66667, 16], "texture": "#0"},
				"west": {"uv": [0, 0, 14.66667, 16], "texture": "#0"},
				"up": {"uv": [0, 0, 14.66667, 16], "texture": "#0"},
				"down": {"uv": [0, 0, 14.66667, 16], "texture": "#0"}
			}
		},
		{
			"from": [2.08661, 17.05008, 9.47835],
			"to": [8, 25.92016, 9.47835],
			"rotation": {"angle": -22.5, "axis": "x", "origin": [5.04331, 25.92016, 9.47835]},
			"faces": {
				"north": {"uv": [0, 0, 14.66667, 16], "texture": "#0"},
				"east": {"uv": [0, 0, 14.66667, 16], "rotation": 180, "texture": "#0"},
				"south": {"uv": [0, 0, 14.66667, 16], "texture": "#0"},
				"west": {"uv": [0, 0, 14.66667, 16], "texture": "#0"},
				"up": {"uv": [0, 0, 14.66667, 16], "rotation": 90, "texture": "#0"},
				"down": {"uv": [0, 0, 14.66667, 16], "rotation": 270, "texture": "#0"}
			}
		},
		{
			"from": [6.52165, 17.05008, 8],
			"to": [6.52165, 25.92016, 13.91339],
			"rotation": {"angle": -22.5, "axis": "z", "origin": [6.52165, 25.92016, 10.95669]},
			"faces": {
				"north": {"uv": [14.66667, 0, 0, 16], "rotation": 180, "texture": "#2"},
				"east": {"uv": [14.66667, 0, 0, 16], "texture": "#2"},
				"south": {"uv": [14.66667, 0, 0, 16], "texture": "#2"},
				"west": {"uv": [14.66667, 0, 0, 16], "texture": "#2"},
				"up": {"uv": [14.66667, 0, 0, 16], "texture": "#2"},
				"down": {"uv": [14.66667, 0, 0, 16], "texture": "#2"}
			}
		},
		{
			"from": [2.08661, 17.05008, 6.52165],
			"to": [8, 25.92016, 6.52165],
			"rotation": {"angle": 22.5, "axis": "x", "origin": [5.04331, 25.92016, 6.52165]},
			"faces": {
				"north": {"uv": [14.66667, 0, 0, 16], "texture": "#0"},
				"east": {"uv": [14.66667, 0, 0, 16], "rotation": 180, "texture": "#0"},
				"south": {"uv": [14.66667, 0, 0, 16], "texture": "#0"},
				"west": {"uv": [14.66667, 0, 0, 16], "texture": "#0"},
				"up": {"uv": [14.66667, 0, 0, 16], "rotation": 90, "texture": "#0"},
				"down": {"uv": [14.66667, 0, 0, 16], "rotation": 270, "texture": "#0"}
			}
		},
		{
			"from": [9.47835, 17.05008, 2.08661],
			"to": [9.47835, 25.92016, 8],
			"rotation": {"angle": 22.5, "axis": "z", "origin": [9.47835, 25.92016, 5.04331]},
			"faces": {
				"north": {"uv": [0, 0, 14.66667, 16], "rotation": 180, "texture": "#3"},
				"east": {"uv": [0, 0, 14.66667, 16], "texture": "#3"},
				"south": {"uv": [0, 0, 14.66667, 16], "texture": "#3"},
				"west": {"uv": [0, 0, 14.66667, 16], "texture": "#3"},
				"up": {"uv": [0, 0, 14.66667, 16], "texture": "#3"},
				"down": {"uv": [0, 0, 14.66667, 16], "texture": "#3"}
			}
		},
		{
			"from": [8, 17.05008, 9.47835],
			"to": [13.91339, 25.92016, 9.47835],
			"rotation": {"angle": -22.5, "axis": "x", "origin": [10.95669, 25.92016, 9.47835]},
			"faces": {
				"north": {"uv": [0, 0, 14.66667, 16], "texture": "#0"},
				"east": {"uv": [0, 0, 14.66667, 16], "rotation": 180, "texture": "#0"},
				"south": {"uv": [0, 0, 14.66667, 16], "texture": "#0"},
				"west": {"uv": [0, 0, 14.66667, 16], "texture": "#0"},
				"up": {"uv": [0, 0, 14.66667, 16], "rotation": 90, "texture": "#0"},
				"down": {"uv": [0, 0, 14.66667, 16], "rotation": 270, "texture": "#0"}
			}
		},
		{
			"from": [6.52165, 17.05008, 2.08661],
			"to": [6.52165, 25.92016, 8],
			"rotation": {"angle": -22.5, "axis": "z", "origin": [6.52165, 25.92016, 5.04331]},
			"faces": {
				"north": {"uv": [14.66667, 0, 0, 16], "rotation": 180, "texture": "#3"},
				"east": {"uv": [14.66667, 0, 0, 16], "texture": "#3"},
				"south": {"uv": [14.66667, 0, 0, 16], "texture": "#3"},
				"west": {"uv": [14.66667, 0, 0, 16], "texture": "#3"},
				"up": {"uv": [14.66667, 0, 0, 16], "texture": "#3"},
				"down": {"uv": [14.66667, 0, 0, 16], "texture": "#3"}
			}
		},
		{
			"from": [8, 17.05008, 6.52165],
			"to": [13.91339, 25.92016, 6.52165],
			"rotation": {"angle": 22.5, "axis": "x", "origin": [10.95669, 25.92016, 6.52165]},
			"faces": {
				"north": {"uv": [14.66667, 0, 0, 16], "texture": "#0"},
				"east": {"uv": [14.66667, 0, 0, 16], "rotation": 180, "texture": "#0"},
				"south": {"uv": [14.66667, 0, 0, 16], "texture": "#0"},
				"west": {"uv": [14.66667, 0, 0, 16], "texture": "#0"},
				"up": {"uv": [14.66667, 0, 0, 16], "rotation": 90, "texture": "#0"},
				"down": {"uv": [14.66667, 0, 0, 16], "rotation": 270, "texture": "#0"}
			}
		},
		{
			"from": [9.47835, 9.65834, 2.08661],
			"to": [9.47835, 18.52842, 8],
			"rotation": {"angle": 22.5, "axis": "z", "origin": [9.47835, 18.52842, 5.04331]},
			"faces": {
				"north": {"uv": [0, 0, 14.66667, 16], "rotation": 180, "texture": "#0"},
				"east": {"uv": [0, 0, 14.66667, 16], "texture": "#0"},
				"south": {"uv": [0, 0, 14.66667, 16], "texture": "#0"},
				"west": {"uv": [0, 0, 14.66667, 16], "texture": "#0"},
				"up": {"uv": [0, 0, 14.66667, 16], "texture": "#0"},
				"down": {"uv": [0, 0, 14.66667, 16], "texture": "#0"}
			}
		},
		{
			"from": [8, 9.65834, 9.47835],
			"to": [13.91339, 18.52842, 9.47835],
			"rotation": {"angle": -22.5, "axis": "x", "origin": [10.95669, 18.52842, 9.47835]},
			"faces": {
				"north": {"uv": [0, 0, 14.66667, 16], "texture": "#2"},
				"east": {"uv": [0, 0, 14.66667, 16], "rotation": 180, "texture": "#2"},
				"south": {"uv": [0, 0, 14.66667, 16], "texture": "#2"},
				"west": {"uv": [0, 0, 14.66667, 16], "texture": "#2"},
				"up": {"uv": [0, 0, 14.66667, 16], "rotation": 90, "texture": "#2"},
				"down": {"uv": [0, 0, 14.66667, 16], "rotation": 270, "texture": "#2"}
			}
		},
		{
			"from": [6.52165, 9.65834, 2.08661],
			"to": [6.52165, 18.52842, 8],
			"rotation": {"angle": -22.5, "axis": "z", "origin": [6.52165, 18.52842, 5.04331]},
			"faces": {
				"north": {"uv": [14.66667, 0, 0, 16], "rotation": 180, "texture": "#0"},
				"east": {"uv": [14.66667, 0, 0, 16], "texture": "#0"},
				"south": {"uv": [14.66667, 0, 0, 16], "texture": "#0"},
				"west": {"uv": [14.66667, 0, 0, 16], "texture": "#0"},
				"up": {"uv": [14.66667, 0, 0, 16], "texture": "#0"},
				"down": {"uv": [14.66667, 0, 0, 16], "texture": "#0"}
			}
		},
		{
			"from": [8, 9.65834, 6.52165],
			"to": [13.91339, 18.52842, 6.52165],
			"rotation": {"angle": 22.5, "axis": "x", "origin": [10.95669, 18.52842, 6.52165]},
			"faces": {
				"north": {"uv": [14.66667, 0, 0, 16], "texture": "#0"},
				"east": {"uv": [14.66667, 0, 0, 16], "rotation": 180, "texture": "#0"},
				"south": {"uv": [14.66667, 0, 0, 16], "texture": "#0"},
				"west": {"uv": [14.66667, 0, 0, 16], "texture": "#0"},
				"up": {"uv": [14.66667, 0, 0, 16], "rotation": 90, "texture": "#0"},
				"down": {"uv": [14.66667, 0, 0, 16], "rotation": 270, "texture": "#0"}
			}
		},
		{
			"from": [9.47835, 9.65834, 8],
			"to": [9.47835, 18.52842, 13.91339],
			"rotation": {"angle": 22.5, "axis": "z", "origin": [9.47835, 18.52842, 10.95669]},
			"faces": {
				"north": {"uv": [0, 0, 14.66667, 16], "rotation": 180, "texture": "#3"},
				"east": {"uv": [0, 0, 14.66667, 16], "texture": "#3"},
				"south": {"uv": [0, 0, 14.66667, 16], "texture": "#3"},
				"west": {"uv": [0, 0, 14.66667, 16], "texture": "#3"},
				"up": {"uv": [0, 0, 14.66667, 16], "texture": "#3"},
				"down": {"uv": [0, 0, 14.66667, 16], "texture": "#3"}
			}
		},
		{
			"from": [2.08661, 9.65834, 9.47835],
			"to": [8, 18.52842, 9.47835],
			"rotation": {"angle": -22.5, "axis": "x", "origin": [5.04331, 18.52842, 9.47835]},
			"faces": {
				"north": {"uv": [0, 0, 14.66667, 16], "texture": "#0"},
				"east": {"uv": [0, 0, 14.66667, 16], "rotation": 180, "texture": "#0"},
				"south": {"uv": [0, 0, 14.66667, 16], "texture": "#0"},
				"west": {"uv": [0, 0, 14.66667, 16], "texture": "#0"},
				"up": {"uv": [0, 0, 14.66667, 16], "rotation": 90, "texture": "#0"},
				"down": {"uv": [0, 0, 14.66667, 16], "rotation": 270, "texture": "#0"}
			}
		},
		{
			"from": [6.52165, 9.65834, 8],
			"to": [6.52165, 18.52842, 13.91339],
			"rotation": {"angle": -22.5, "axis": "z", "origin": [6.52165, 18.52842, 10.95669]},
			"faces": {
				"north": {"uv": [14.66667, 0, 0, 16], "rotation": 180, "texture": "#0"},
				"east": {"uv": [14.66667, 0, 0, 16], "texture": "#0"},
				"south": {"uv": [14.66667, 0, 0, 16], "texture": "#0"},
				"west": {"uv": [14.66667, 0, 0, 16], "texture": "#0"},
				"up": {"uv": [14.66667, 0, 0, 16], "texture": "#0"},
				"down": {"uv": [14.66667, 0, 0, 16], "texture": "#0"}
			}
		},
		{
			"from": [2.08661, 9.65834, 6.52165],
			"to": [8, 18.52842, 6.52165],
			"rotation": {"angle": 22.5, "axis": "x", "origin": [5.04331, 18.52842, 6.52165]},
			"faces": {
				"north": {"uv": [14.66667, 0, 0, 16], "texture": "#4"},
				"east": {"uv": [14.66667, 0, 0, 16], "rotation": 180, "texture": "#4"},
				"south": {"uv": [14.66667, 0, 0, 16], "texture": "#4"},
				"west": {"uv": [14.66667, 0, 0, 16], "texture": "#4"},
				"up": {"uv": [14.66667, 0, 0, 16], "rotation": 90, "texture": "#4"},
				"down": {"uv": [14.66667, 0, 0, 16], "rotation": 270, "texture": "#4"}
			}
		},
		{
			"from": [10.21752, 2.2666, 2.08661],
			"to": [10.21752, 11.13669, 8],
			"rotation": {"angle": 22.5, "axis": "z", "origin": [10.21752, 11.13669, 5.04331]},
			"faces": {
				"north": {"uv": [0, 0, 14.66667, 16], "rotation": 180, "texture": "#0"},
				"east": {"uv": [0, 0, 14.66667, 16], "texture": "#0"},
				"south": {"uv": [0, 0, 14.66667, 16], "texture": "#0"},
				"west": {"uv": [0, 0, 14.66667, 16], "texture": "#0"},
				"up": {"uv": [0, 0, 14.66667, 16], "texture": "#0"},
				"down": {"uv": [0, 0, 14.66667, 16], "texture": "#0"}
			}
		},
		{
			"from": [8, 2.2666, 10.21752],
			"to": [13.91339, 11.13669, 10.21752],
			"rotation": {"angle": -22.5, "axis": "x", "origin": [10.95669, 11.13669, 10.21752]},
			"faces": {
				"north": {"uv": [0, 0, 14.66667, 16], "texture": "#0"},
				"east": {"uv": [0, 0, 14.66667, 16], "rotation": 180, "texture": "#0"},
				"south": {"uv": [0, 0, 14.66667, 16], "texture": "#0"},
				"west": {"uv": [0, 0, 14.66667, 16], "texture": "#0"},
				"up": {"uv": [0, 0, 14.66667, 16], "rotation": 90, "texture": "#0"},
				"down": {"uv": [0, 0, 14.66667, 16], "rotation": 270, "texture": "#0"}
			}
		},
		{
			"from": [5.78248, 2.2666, 2.08661],
			"to": [5.78248, 11.13669, 8],
			"rotation": {"angle": -22.5, "axis": "z", "origin": [5.78248, 11.13669, 5.04331]},
			"faces": {
				"north": {"uv": [14.66667, 0, 0, 16], "rotation": 180, "texture": "#4"},
				"east": {"uv": [14.66667, 0, 0, 16], "texture": "#4"},
				"south": {"uv": [14.66667, 0, 0, 16], "texture": "#4"},
				"west": {"uv": [14.66667, 0, 0, 16], "texture": "#4"},
				"up": {"uv": [14.66667, 0, 0, 16], "texture": "#4"},
				"down": {"uv": [14.66667, 0, 0, 16], "texture": "#4"}
			}
		},
		{
			"from": [8, 2.2666, 5.78248],
			"to": [13.91339, 11.13669, 5.78248],
			"rotation": {"angle": 22.5, "axis": "x", "origin": [10.95669, 11.13669, 5.78248]},
			"faces": {
				"north": {"uv": [14.66667, 0, 0, 16], "texture": "#0"},
				"east": {"uv": [14.66667, 0, 0, 16], "rotation": 180, "texture": "#0"},
				"south": {"uv": [14.66667, 0, 0, 16], "texture": "#0"},
				"west": {"uv": [14.66667, 0, 0, 16], "texture": "#0"},
				"up": {"uv": [14.66667, 0, 0, 16], "rotation": 90, "texture": "#0"},
				"down": {"uv": [14.66667, 0, 0, 16], "rotation": 270, "texture": "#0"}
			}
		},
		{
			"from": [10.21752, 2.2666, 8],
			"to": [10.21752, 11.13669, 13.91339],
			"rotation": {"angle": 22.5, "axis": "z", "origin": [10.21752, 11.13669, 10.95669]},
			"faces": {
				"north": {"uv": [0, 0, 14.66667, 16], "rotation": 180, "texture": "#0"},
				"east": {"uv": [0, 0, 14.66667, 16], "texture": "#0"},
				"south": {"uv": [0, 0, 14.66667, 16], "texture": "#0"},
				"west": {"uv": [0, 0, 14.66667, 16], "texture": "#0"},
				"up": {"uv": [0, 0, 14.66667, 16], "texture": "#0"},
				"down": {"uv": [0, 0, 14.66667, 16], "texture": "#0"}
			}
		},
		{
			"from": [2.08661, 2.2666, 10.21752],
			"to": [8, 11.13669, 10.21752],
			"rotation": {"angle": -22.5, "axis": "x", "origin": [5.04331, 11.13669, 10.21752]},
			"faces": {
				"north": {"uv": [0, 0, 14.66667, 16], "texture": "#2"},
				"east": {"uv": [0, 0, 14.66667, 16], "rotation": 180, "texture": "#2"},
				"south": {"uv": [0, 0, 14.66667, 16], "texture": "#2"},
				"west": {"uv": [0, 0, 14.66667, 16], "texture": "#2"},
				"up": {"uv": [0, 0, 14.66667, 16], "rotation": 90, "texture": "#2"},
				"down": {"uv": [0, 0, 14.66667, 16], "rotation": 270, "texture": "#2"}
			}
		},
		{
			"from": [5.78248, 2.2666, 8],
			"to": [5.78248, 11.13669, 13.91339],
			"rotation": {"angle": -22.5, "axis": "z", "origin": [5.78248, 11.13669, 10.95669]},
			"faces": {
				"north": {"uv": [14.66667, 0, 0, 16], "rotation": 180, "texture": "#3"},
				"east": {"uv": [14.66667, 0, 0, 16], "texture": "#3"},
				"south": {"uv": [14.66667, 0, 0, 16], "texture": "#3"},
				"west": {"uv": [14.66667, 0, 0, 16], "texture": "#3"},
				"up": {"uv": [14.66667, 0, 0, 16], "texture": "#3"},
				"down": {"uv": [14.66667, 0, 0, 16], "texture": "#3"}
			}
		},
		{
			"from": [2.08661, 2.2666, 5.78248],
			"to": [8, 11.13669, 5.78248],
			"rotation": {"angle": 22.5, "axis": "x", "origin": [5.04331, 11.13669, 5.78248]},
			"faces": {
				"north": {"uv": [14.66667, 0, 0, 16], "texture": "#0"},
				"east": {"uv": [14.66667, 0, 0, 16], "rotation": 180, "texture": "#0"},
				"south": {"uv": [14.66667, 0, 0, 16], "texture": "#0"},
				"west": {"uv": [14.66667, 0, 0, 16], "texture": "#0"},
				"up": {"uv": [14.66667, 0, 0, 16], "rotation": 90, "texture": "#0"},
				"down": {"uv": [14.66667, 0, 0, 16], "rotation": 270, "texture": "#0"}
			}
		},
		{
			"from": [9.47835, 12.61503, 5.04331],
			"to": [9.47835, 21.48512, 10.95669],
			"rotation": {"angle": 22.5, "axis": "z", "origin": [9.47835, 21.48512, 8]},
			"faces": {
				"north": {"uv": [0, 0, 14.66667, 16], "rotation": 180, "texture": "#0"},
				"east": {"uv": [0, 0, 14.66667, 16], "texture": "#0"},
				"south": {"uv": [0, 0, 14.66667, 16], "texture": "#0"},
				"west": {"uv": [0, 0, 14.66667, 16], "texture": "#0"},
				"up": {"uv": [0, 0, 14.66667, 16], "texture": "#0"},
				"down": {"uv": [0, 0, 14.66667, 16], "texture": "#0"}
			}
		},
		{
			"from": [5.04331, 12.61503, 9.47835],
			"to": [10.95669, 21.48512, 9.47835],
			"rotation": {"angle": -22.5, "axis": "x", "origin": [8, 21.48512, 9.47835]},
			"faces": {
				"north": {"uv": [0, 0, 14.66667, 16], "texture": "#4"},
				"east": {"uv": [0, 0, 14.66667, 16], "rotation": 180, "texture": "#4"},
				"south": {"uv": [0, 0, 14.66667, 16], "texture": "#4"},
				"west": {"uv": [0, 0, 14.66667, 16], "texture": "#4"},
				"up": {"uv": [0, 0, 14.66667, 16], "rotation": 90, "texture": "#4"},
				"down": {"uv": [0, 0, 14.66667, 16], "rotation": 270, "texture": "#4"}
			}
		},
		{
			"from": [6.52165, 12.61503, 5.04331],
			"to": [6.52165, 21.48512, 10.95669],
			"rotation": {"angle": -22.5, "axis": "z", "origin": [6.52165, 21.48512, 8]},
			"faces": {
				"north": {"uv": [14.66667, 0, 0, 16], "rotation": 180, "texture": "#0"},
				"east": {"uv": [14.66667, 0, 0, 16], "texture": "#0"},
				"south": {"uv": [14.66667, 0, 0, 16], "texture": "#0"},
				"west": {"uv": [14.66667, 0, 0, 16], "texture": "#0"},
				"up": {"uv": [14.66667, 0, 0, 16], "texture": "#0"},
				"down": {"uv": [14.66667, 0, 0, 16], "texture": "#0"}
			}
		},
		{
			"from": [5.04331, 12.61503, 6.52165],
			"to": [10.95669, 21.48512, 6.52165],
			"rotation": {"angle": 22.5, "axis": "x", "origin": [8, 21.48512, 6.52165]},
			"faces": {
				"north": {"uv": [14.66667, 0, 0, 16], "texture": "#2"},
				"east": {"uv": [14.66667, 0, 0, 16], "rotation": 180, "texture": "#2"},
				"south": {"uv": [14.66667, 0, 0, 16], "texture": "#2"},
				"west": {"uv": [14.66667, 0, 0, 16], "texture": "#2"},
				"up": {"uv": [14.66667, 0, 0, 16], "rotation": 90, "texture": "#2"},
				"down": {"uv": [14.66667, 0, 0, 16], "rotation": 270, "texture": "#2"}
			}
		},
		{
			"from": [9.84793, 6.33206, 5.04331],
			"to": [9.84793, 15.20214, 10.95669],
			"rotation": {"angle": 22.5, "axis": "z", "origin": [9.84793, 15.20214, 8]},
			"faces": {
				"north": {"uv": [0, 0, 14.66667, 16], "rotation": 180, "texture": "#3"},
				"east": {"uv": [0, 0, 14.66667, 16], "texture": "#3"},
				"south": {"uv": [0, 0, 14.66667, 16], "texture": "#3"},
				"west": {"uv": [0, 0, 14.66667, 16], "texture": "#3"},
				"up": {"uv": [0, 0, 14.66667, 16], "texture": "#3"},
				"down": {"uv": [0, 0, 14.66667, 16], "texture": "#3"}
			}
		},
		{
			"from": [5.04331, 6.33206, 9.84793],
			"to": [10.95669, 15.20214, 9.84793],
			"rotation": {"angle": -22.5, "axis": "x", "origin": [8, 15.20214, 9.84793]},
			"faces": {
				"north": {"uv": [0, 0, 14.66667, 16], "texture": "#4"},
				"east": {"uv": [0, 0, 14.66667, 16], "rotation": 180, "texture": "#4"},
				"south": {"uv": [0, 0, 14.66667, 16], "texture": "#4"},
				"west": {"uv": [0, 0, 14.66667, 16], "texture": "#4"},
				"up": {"uv": [0, 0, 14.66667, 16], "rotation": 90, "texture": "#4"},
				"down": {"uv": [0, 0, 14.66667, 16], "rotation": 270, "texture": "#4"}
			}
		},
		{
			"from": [6.15207, 6.33206, 5.04331],
			"to": [6.15207, 15.20214, 10.95669],
			"rotation": {"angle": -22.5, "axis": "z", "origin": [6.15207, 15.20214, 8]},
			"faces": {
				"north": {"uv": [14.66667, 0, 0, 16], "rotation": 180, "texture": "#4"},
				"east": {"uv": [14.66667, 0, 0, 16], "texture": "#4"},
				"south": {"uv": [14.66667, 0, 0, 16], "texture": "#4"},
				"west": {"uv": [14.66667, 0, 0, 16], "texture": "#4"},
				"up": {"uv": [14.66667, 0, 0, 16], "texture": "#4"},
				"down": {"uv": [14.66667, 0, 0, 16], "texture": "#4"}
			}
		},
		{
			"from": [5.04331, 6.33206, 6.15207],
			"to": [10.95669, 15.20214, 6.15207],
			"rotation": {"angle": 22.5, "axis": "x", "origin": [8, 15.20214, 6.15207]},
			"faces": {
				"north": {"uv": [14.66667, 0, 0, 16], "texture": "#0"},
				"east": {"uv": [14.66667, 0, 0, 16], "rotation": 180, "texture": "#0"},
				"south": {"uv": [14.66667, 0, 0, 16], "texture": "#0"},
				"west": {"uv": [14.66667, 0, 0, 16], "texture": "#0"},
				"up": {"uv": [14.66667, 0, 0, 16], "rotation": 90, "texture": "#0"},
				"down": {"uv": [14.66667, 0, 0, 16], "rotation": 270, "texture": "#0"}
			}
		},
		{
			"from": [10.21752, 4.85371, 0.60826],
			"to": [10.21752, 13.72379, 6.52165],
			"rotation": {"angle": 22.5, "axis": "z", "origin": [10.21752, 13.72379, 3.56496]},
			"faces": {
				"north": {"uv": [0, 0, 14.66667, 16], "rotation": 180, "texture": "#2"},
				"east": {"uv": [0, 0, 14.66667, 16], "texture": "#2"},
				"south": {"uv": [0, 0, 14.66667, 16], "texture": "#2"},
				"west": {"uv": [0, 0, 14.66667, 16], "texture": "#2"},
				"up": {"uv": [0, 0, 14.66667, 16], "texture": "#2"},
				"down": {"uv": [0, 0, 14.66667, 16], "texture": "#2"}
			}
		},
		{
			"from": [9.47835, 4.85371, 10.21752],
			"to": [15.39174, 13.72379, 10.21752],
			"rotation": {"angle": -22.5, "axis": "x", "origin": [12.43504, 13.72379, 10.21752]},
			"faces": {
				"north": {"uv": [0, 0, 14.66667, 16], "texture": "#0"},
				"east": {"uv": [0, 0, 14.66667, 16], "rotation": 180, "texture": "#0"},
				"south": {"uv": [0, 0, 14.66667, 16], "texture": "#0"},
				"west": {"uv": [0, 0, 14.66667, 16], "texture": "#0"},
				"up": {"uv": [0, 0, 14.66667, 16], "rotation": 90, "texture": "#0"},
				"down": {"uv": [0, 0, 14.66667, 16], "rotation": 270, "texture": "#0"}
			}
		},
		{
			"from": [5.78248, 4.85371, 0.60826],
			"to": [5.78248, 13.72379, 6.52165],
			"rotation": {"angle": -22.5, "axis": "z", "origin": [5.78248, 13.72379, 3.56496]},
			"faces": {
				"north": {"uv": [14.66667, 0, 0, 16], "rotation": 180, "texture": "#0"},
				"east": {"uv": [14.66667, 0, 0, 16], "texture": "#0"},
				"south": {"uv": [14.66667, 0, 0, 16], "texture": "#0"},
				"west": {"uv": [14.66667, 0, 0, 16], "texture": "#0"},
				"up": {"uv": [14.66667, 0, 0, 16], "texture": "#0"},
				"down": {"uv": [14.66667, 0, 0, 16], "texture": "#0"}
			}
		},
		{
			"from": [9.47835, 4.85371, 5.78248],
			"to": [15.39174, 13.72379, 5.78248],
			"rotation": {"angle": 22.5, "axis": "x", "origin": [12.43504, 13.72379, 5.78248]},
			"faces": {
				"north": {"uv": [14.66667, 0, 0, 16], "texture": "#0"},
				"east": {"uv": [14.66667, 0, 0, 16], "rotation": 180, "texture": "#0"},
				"south": {"uv": [14.66667, 0, 0, 16], "texture": "#0"},
				"west": {"uv": [14.66667, 0, 0, 16], "texture": "#0"},
				"up": {"uv": [14.66667, 0, 0, 16], "rotation": 90, "texture": "#0"},
				"down": {"uv": [14.66667, 0, 0, 16], "rotation": 270, "texture": "#0"}
			}
		},
		{
			"from": [10.21752, 4.85371, 9.47835],
			"to": [10.21752, 13.72379, 15.39174],
			"rotation": {"angle": 22.5, "axis": "z", "origin": [10.21752, 13.72379, 12.43504]},
			"faces": {
				"north": {"uv": [14.66667, 0, 0, 16], "texture": "#0"},
				"east": {"uv": [14.66667, 0, 0, 16], "texture": "#0"},
				"south": {"uv": [14.66667, 0, 0, 16], "rotation": 180, "texture": "#0"},
				"west": {"uv": [14.66667, 0, 0, 16], "texture": "#0"},
				"up": {"uv": [0, 16, 14.66667, 0], "texture": "#0"},
				"down": {"uv": [0, 16, 14.66667, 0], "texture": "#0"}
			}
		},
		{
			"from": [0.60826, 4.85371, 10.21752],
			"to": [6.52165, 13.72379, 10.21752],
			"rotation": {"angle": -22.5, "axis": "x", "origin": [3.56496, 13.72379, 10.21752]},
			"faces": {
				"north": {"uv": [14.66667, 0, 0, 16], "texture": "#0"},
				"east": {"uv": [14.66667, 0, 0, 16], "texture": "#0"},
				"south": {"uv": [14.66667, 0, 0, 16], "texture": "#0"},
				"west": {"uv": [14.66667, 0, 0, 16], "rotation": 180, "texture": "#0"},
				"up": {"uv": [0, 16, 14.66667, 0], "rotation": 90, "texture": "#0"},
				"down": {"uv": [0, 16, 14.66667, 0], "rotation": 270, "texture": "#0"}
			}
		},
		{
			"from": [5.78248, 4.85371, 9.47835],
			"to": [5.78248, 13.72379, 15.39174],
			"rotation": {"angle": -22.5, "axis": "z", "origin": [5.78248, 13.72379, 12.43504]},
			"faces": {
				"north": {"uv": [0, 0, 14.66667, 16], "texture": "#0"},
				"east": {"uv": [0, 0, 14.66667, 16], "texture": "#0"},
				"south": {"uv": [0, 0, 14.66667, 16], "rotation": 180, "texture": "#0"},
				"west": {"uv": [0, 0, 14.66667, 16], "texture": "#0"},
				"up": {"uv": [14.66667, 16, 0, 0], "texture": "#0"},
				"down": {"uv": [14.66667, 16, 0, 0], "texture": "#0"}
			}
		},
		{
			"from": [0.60826, 4.85371, 5.78248],
			"to": [6.52165, 13.72379, 5.78248],
			"rotation": {"angle": 22.5, "axis": "x", "origin": [3.56496, 13.72379, 5.78248]},
			"faces": {
				"north": {"uv": [0, 0, 14.66667, 16], "texture": "#0"},
				"east": {"uv": [0, 0, 14.66667, 16], "texture": "#0"},
				"south": {"uv": [0, 0, 14.66667, 16], "texture": "#0"},
				"west": {"uv": [0, 0, 14.66667, 16], "rotation": 180, "texture": "#0"},
				"up": {"uv": [14.66667, 16, 0, 0], "rotation": 90, "texture": "#0"},
				"down": {"uv": [14.66667, 16, 0, 0], "rotation": 270, "texture": "#0"}
			}
		},
		{
			"from": [10.21752, -2.53803, 9.47835],
			"to": [10.21752, 6.33206, 15.39174],
			"rotation": {"angle": 22.5, "axis": "z", "origin": [10.21752, 6.33206, 12.43504]},
			"faces": {
				"north": {"uv": [14.66667, 0, 0, 16], "texture": "#0"},
				"east": {"uv": [14.66667, 0, 0, 16], "texture": "#0"},
				"south": {"uv": [14.66667, 0, 0, 16], "rotation": 180, "texture": "#0"},
				"west": {"uv": [14.66667, 0, 0, 16], "texture": "#0"},
				"up": {"uv": [0, 16, 14.66667, 0], "texture": "#0"},
				"down": {"uv": [0, 16, 14.66667, 0], "texture": "#0"}
			}
		},
		{
			"from": [0.60826, -2.53803, 10.21752],
			"to": [6.52165, 6.33206, 10.21752],
			"rotation": {"angle": -22.5, "axis": "x", "origin": [3.56496, 6.33206, 10.21752]},
			"faces": {
				"north": {"uv": [14.66667, 0, 0, 16], "texture": "#0"},
				"east": {"uv": [14.66667, 0, 0, 16], "texture": "#0"},
				"south": {"uv": [14.66667, 0, 0, 16], "texture": "#0"},
				"west": {"uv": [14.66667, 0, 0, 16], "rotation": 180, "texture": "#0"},
				"up": {"uv": [0, 16, 14.66667, 0], "rotation": 90, "texture": "#0"},
				"down": {"uv": [0, 16, 14.66667, 0], "rotation": 270, "texture": "#0"}
			}
		},
		{
			"from": [5.78248, -2.53803, 9.47835],
			"to": [5.78248, 6.33206, 15.39174],
			"rotation": {"angle": -22.5, "axis": "z", "origin": [5.78248, 6.33206, 12.43504]},
			"faces": {
				"north": {"uv": [0, 0, 14.66667, 16], "texture": "#0"},
				"east": {"uv": [0, 0, 14.66667, 16], "texture": "#0"},
				"south": {"uv": [0, 0, 14.66667, 16], "rotation": 180, "texture": "#0"},
				"west": {"uv": [0, 0, 14.66667, 16], "texture": "#0"},
				"up": {"uv": [14.66667, 16, 0, 0], "texture": "#0"},
				"down": {"uv": [14.66667, 16, 0, 0], "texture": "#0"}
			}
		},
		{
			"from": [0.60826, -2.53803, 5.78248],
			"to": [6.52165, 6.33206, 5.78248],
			"rotation": {"angle": 22.5, "axis": "x", "origin": [3.56496, 6.33206, 5.78248]},
			"faces": {
				"north": {"uv": [0, 0, 14.66667, 16], "texture": "#0"},
				"east": {"uv": [0, 0, 14.66667, 16], "texture": "#0"},
				"south": {"uv": [0, 0, 14.66667, 16], "texture": "#0"},
				"west": {"uv": [0, 0, 14.66667, 16], "rotation": 180, "texture": "#0"},
				"up": {"uv": [14.66667, 16, 0, 0], "rotation": 90, "texture": "#0"},
				"down": {"uv": [14.66667, 16, 0, 0], "rotation": 270, "texture": "#0"}
			}
		},
		{
			"from": [9.84793, -1.05968, 5.04331],
			"to": [9.84793, 7.81041, 10.95669],
			"rotation": {"angle": 22.5, "axis": "z", "origin": [9.84793, 7.81041, 8]},
			"faces": {
				"north": {"uv": [0, 0, 14.66667, 16], "rotation": 180, "texture": "#0"},
				"east": {"uv": [0, 0, 14.66667, 16], "texture": "#0"},
				"south": {"uv": [0, 0, 14.66667, 16], "texture": "#0"},
				"west": {"uv": [0, 0, 14.66667, 16], "texture": "#0"},
				"up": {"uv": [0, 0, 14.66667, 16], "texture": "#0"},
				"down": {"uv": [0, 0, 14.66667, 16], "texture": "#0"}
			}
		},
		{
			"from": [5.04331, -1.05968, 9.84793],
			"to": [10.95669, 7.81041, 9.84793],
			"rotation": {"angle": -22.5, "axis": "x", "origin": [8, 7.81041, 9.84793]},
			"faces": {
				"north": {"uv": [0, 0, 14.66667, 16], "texture": "#4"},
				"east": {"uv": [0, 0, 14.66667, 16], "rotation": 180, "texture": "#4"},
				"south": {"uv": [0, 0, 14.66667, 16], "texture": "#4"},
				"west": {"uv": [0, 0, 14.66667, 16], "texture": "#4"},
				"up": {"uv": [0, 0, 14.66667, 16], "rotation": 90, "texture": "#4"},
				"down": {"uv": [0, 0, 14.66667, 16], "rotation": 270, "texture": "#4"}
			}
		},
		{
			"from": [6.15207, -1.05968, 5.04331],
			"to": [6.15207, 7.81041, 10.95669],
			"rotation": {"angle": -22.5, "axis": "z", "origin": [6.15207, 7.81041, 8]},
			"faces": {
				"north": {"uv": [14.66667, 0, 0, 16], "rotation": 180, "texture": "#0"},
				"east": {"uv": [14.66667, 0, 0, 16], "texture": "#0"},
				"south": {"uv": [14.66667, 0, 0, 16], "texture": "#0"},
				"west": {"uv": [14.66667, 0, 0, 16], "texture": "#0"},
				"up": {"uv": [14.66667, 0, 0, 16], "texture": "#0"},
				"down": {"uv": [14.66667, 0, 0, 16], "texture": "#0"}
			}
		},
		{
			"from": [5.04331, -1.05968, 6.15207],
			"to": [10.95669, 7.81041, 6.15207],
			"rotation": {"angle": 22.5, "axis": "x", "origin": [8, 7.81041, 6.15207]},
			"faces": {
				"north": {"uv": [14.66667, 0, 0, 16], "texture": "#4"},
				"east": {"uv": [14.66667, 0, 0, 16], "rotation": 180, "texture": "#4"},
				"south": {"uv": [14.66667, 0, 0, 16], "texture": "#4"},
				"west": {"uv": [14.66667, 0, 0, 16], "texture": "#4"},
				"up": {"uv": [14.66667, 0, 0, 16], "rotation": 90, "texture": "#4"},
				"down": {"uv": [14.66667, 0, 0, 16], "rotation": 270, "texture": "#4"}
			}
		},
		{
			"from": [10.21752, -2.53803, 0.60826],
			"to": [10.21752, 6.33206, 6.52165],
			"rotation": {"angle": 22.5, "axis": "z", "origin": [10.21752, 6.33206, 3.56496]},
			"faces": {
				"north": {"uv": [0, 0, 14.66667, 16], "rotation": 180, "texture": "#0"},
				"east": {"uv": [0, 0, 14.66667, 16], "texture": "#0"},
				"south": {"uv": [0, 0, 14.66667, 16], "texture": "#0"},
				"west": {"uv": [0, 0, 14.66667, 16], "texture": "#0"},
				"up": {"uv": [0, 0, 14.66667, 16], "texture": "#0"},
				"down": {"uv": [0, 0, 14.66667, 16], "texture": "#0"}
			}
		},
		{
			"from": [9.47835, -2.53803, 10.21752],
			"to": [15.39174, 6.33206, 10.21752],
			"rotation": {"angle": -22.5, "axis": "x", "origin": [12.43504, 6.33206, 10.21752]},
			"faces": {
				"north": {"uv": [0, 0, 14.66667, 16], "texture": "#4"},
				"east": {"uv": [0, 0, 14.66667, 16], "rotation": 180, "texture": "#4"},
				"south": {"uv": [0, 0, 14.66667, 16], "texture": "#4"},
				"west": {"uv": [0, 0, 14.66667, 16], "texture": "#4"},
				"up": {"uv": [0, 0, 14.66667, 16], "rotation": 90, "texture": "#4"},
				"down": {"uv": [0, 0, 14.66667, 16], "rotation": 270, "texture": "#4"}
			}
		},
		{
			"from": [5.78248, -2.53803, 0.60826],
			"to": [5.78248, 6.33206, 6.52165],
			"rotation": {"angle": -22.5, "axis": "z", "origin": [5.78248, 6.33206, 3.56496]},
			"faces": {
				"north": {"uv": [14.66667, 0, 0, 16], "rotation": 180, "texture": "#2"},
				"east": {"uv": [14.66667, 0, 0, 16], "texture": "#2"},
				"south": {"uv": [14.66667, 0, 0, 16], "texture": "#2"},
				"west": {"uv": [14.66667, 0, 0, 16], "texture": "#2"},
				"up": {"uv": [14.66667, 0, 0, 16], "texture": "#2"},
				"down": {"uv": [14.66667, 0, 0, 16], "texture": "#2"}
			}
		},
		{
			"from": [9.47835, -2.53803, 5.78248],
			"to": [15.39174, 6.33206, 5.78248],
			"rotation": {"angle": 22.5, "axis": "x", "origin": [12.43504, 6.33206, 5.78248]},
			"faces": {
				"north": {"uv": [14.66667, 0, 0, 16], "texture": "#3"},
				"east": {"uv": [14.66667, 0, 0, 16], "rotation": 180, "texture": "#3"},
				"south": {"uv": [14.66667, 0, 0, 16], "texture": "#3"},
				"west": {"uv": [14.66667, 0, 0, 16], "texture": "#3"},
				"up": {"uv": [14.66667, 0, 0, 16], "rotation": 90, "texture": "#3"},
				"down": {"uv": [14.66667, 0, 0, 16], "rotation": 270, "texture": "#3"}
			}
		},
		{
			"from": [10.21752, -5.12513, 2.08661],
			"to": [10.21752, 3.74495, 8],
			"rotation": {"angle": 22.5, "axis": "z", "origin": [10.21752, 3.74495, 5.04331]},
			"faces": {
				"north": {"uv": [0, 0, 14.66667, 16], "rotation": 180, "texture": "#0"},
				"east": {"uv": [0, 0, 14.66667, 16], "texture": "#0"},
				"south": {"uv": [0, 0, 14.66667, 16], "texture": "#0"},
				"west": {"uv": [0, 0, 14.66667, 16], "texture": "#0"},
				"up": {"uv": [0, 0, 14.66667, 16], "texture": "#0"},
				"down": {"uv": [0, 0, 14.66667, 16], "texture": "#0"}
			}
		},
		{
			"from": [8, -5.12513, 10.21752],
			"to": [13.91339, 3.74495, 10.21752],
			"rotation": {"angle": -22.5, "axis": "x", "origin": [10.95669, 3.74495, 10.21752]},
			"faces": {
				"north": {"uv": [0, 0, 14.66667, 16], "texture": "#0"},
				"east": {"uv": [0, 0, 14.66667, 16], "rotation": 180, "texture": "#0"},
				"south": {"uv": [0, 0, 14.66667, 16], "texture": "#0"},
				"west": {"uv": [0, 0, 14.66667, 16], "texture": "#0"},
				"up": {"uv": [0, 0, 14.66667, 16], "rotation": 90, "texture": "#0"},
				"down": {"uv": [0, 0, 14.66667, 16], "rotation": 270, "texture": "#0"}
			}
		},
		{
			"from": [5.78248, -5.12513, 2.08661],
			"to": [5.78248, 3.74495, 8],
			"rotation": {"angle": -22.5, "axis": "z", "origin": [5.78248, 3.74495, 5.04331]},
			"faces": {
				"north": {"uv": [14.66667, 0, 0, 16], "rotation": 180, "texture": "#0"},
				"east": {"uv": [14.66667, 0, 0, 16], "texture": "#0"},
				"south": {"uv": [14.66667, 0, 0, 16], "texture": "#0"},
				"west": {"uv": [14.66667, 0, 0, 16], "texture": "#0"},
				"up": {"uv": [14.66667, 0, 0, 16], "texture": "#0"},
				"down": {"uv": [14.66667, 0, 0, 16], "texture": "#0"}
			}
		},
		{
			"from": [8, -5.12513, 5.78248],
			"to": [13.91339, 3.74495, 5.78248],
			"rotation": {"angle": 22.5, "axis": "x", "origin": [10.95669, 3.74495, 5.78248]},
			"faces": {
				"north": {"uv": [14.66667, 0, 0, 16], "texture": "#0"},
				"east": {"uv": [14.66667, 0, 0, 16], "rotation": 180, "texture": "#0"},
				"south": {"uv": [14.66667, 0, 0, 16], "texture": "#0"},
				"west": {"uv": [14.66667, 0, 0, 16], "texture": "#0"},
				"up": {"uv": [14.66667, 0, 0, 16], "rotation": 90, "texture": "#0"},
				"down": {"uv": [14.66667, 0, 0, 16], "rotation": 270, "texture": "#0"}
			}
		},
		{
			"from": [10.21752, -5.12513, 8],
			"to": [10.21752, 3.74495, 13.91339],
			"rotation": {"angle": 22.5, "axis": "z", "origin": [10.21752, 3.74495, 10.95669]},
			"faces": {
				"north": {"uv": [0, 0, 14.66667, 16], "rotation": 180, "texture": "#0"},
				"east": {"uv": [0, 0, 14.66667, 16], "texture": "#0"},
				"south": {"uv": [0, 0, 14.66667, 16], "texture": "#0"},
				"west": {"uv": [0, 0, 14.66667, 16], "texture": "#0"},
				"up": {"uv": [0, 0, 14.66667, 16], "texture": "#0"},
				"down": {"uv": [0, 0, 14.66667, 16], "texture": "#0"}
			}
		},
		{
			"from": [2.08661, -5.12513, 10.21752],
			"to": [8, 3.74495, 10.21752],
			"rotation": {"angle": -22.5, "axis": "x", "origin": [5.04331, 3.74495, 10.21752]},
			"faces": {
				"north": {"uv": [0, 0, 14.66667, 16], "texture": "#0"},
				"east": {"uv": [0, 0, 14.66667, 16], "rotation": 180, "texture": "#0"},
				"south": {"uv": [0, 0, 14.66667, 16], "texture": "#0"},
				"west": {"uv": [0, 0, 14.66667, 16], "texture": "#0"},
				"up": {"uv": [0, 0, 14.66667, 16], "rotation": 90, "texture": "#0"},
				"down": {"uv": [0, 0, 14.66667, 16], "rotation": 270, "texture": "#0"}
			}
		},
		{
			"from": [5.78248, -5.12513, 8],
			"to": [5.78248, 3.74495, 13.91339],
			"rotation": {"angle": -22.5, "axis": "z", "origin": [5.78248, 3.74495, 10.95669]},
			"faces": {
				"north": {"uv": [14.66667, 0, 0, 16], "rotation": 180, "texture": "#0"},
				"east": {"uv": [14.66667, 0, 0, 16], "texture": "#0"},
				"south": {"uv": [14.66667, 0, 0, 16], "texture": "#0"},
				"west": {"uv": [14.66667, 0, 0, 16], "texture": "#0"},
				"up": {"uv": [14.66667, 0, 0, 16], "texture": "#0"},
				"down": {"uv": [14.66667, 0, 0, 16], "texture": "#0"}
			}
		},
		{
			"from": [2.08661, -5.12513, 5.78248],
			"to": [8, 3.74495, 5.78248],
			"rotation": {"angle": 22.5, "axis": "x", "origin": [5.04331, 3.74495, 5.78248]},
			"faces": {
				"north": {"uv": [14.66667, 0, 0, 16], "texture": "#0"},
				"east": {"uv": [14.66667, 0, 0, 16], "rotation": 180, "texture": "#0"},
				"south": {"uv": [14.66667, 0, 0, 16], "texture": "#0"},
				"west": {"uv": [14.66667, 0, 0, 16], "texture": "#0"},
				"up": {"uv": [14.66667, 0, 0, 16], "rotation": 90, "texture": "#0"},
				"down": {"uv": [14.66667, 0, 0, 16], "rotation": 270, "texture": "#0"}
			}
		},
		{
			"from": [10.95669, -11.40811, 9.47835],
			"to": [10.95669, -2.53803, 15.39174],
			"rotation": {"angle": 22.5, "axis": "z", "origin": [10.95669, -2.53803, 12.43504]},
			"faces": {
				"north": {"uv": [14.66667, 0, 0, 16], "texture": "#0"},
				"east": {"uv": [14.66667, 0, 0, 16], "texture": "#0"},
				"south": {"uv": [14.66667, 0, 0, 16], "rotation": 180, "texture": "#0"},
				"west": {"uv": [14.66667, 0, 0, 16], "texture": "#0"},
				"up": {"uv": [0, 16, 14.66667, 0], "texture": "#0"},
				"down": {"uv": [0, 16, 14.66667, 0], "texture": "#0"}
			}
		},
		{
			"from": [0.60826, -11.40811, 10.95669],
			"to": [6.52165, -2.53803, 10.95669],
			"rotation": {"angle": -22.5, "axis": "x", "origin": [3.56496, -2.53803, 10.95669]},
			"faces": {
				"north": {"uv": [14.66667, 0, 0, 16], "texture": "#0"},
				"east": {"uv": [14.66667, 0, 0, 16], "texture": "#0"},
				"south": {"uv": [14.66667, 0, 0, 16], "texture": "#0"},
				"west": {"uv": [14.66667, 0, 0, 16], "rotation": 180, "texture": "#0"},
				"up": {"uv": [0, 16, 14.66667, 0], "rotation": 90, "texture": "#0"},
				"down": {"uv": [0, 16, 14.66667, 0], "rotation": 270, "texture": "#0"}
			}
		},
		{
			"from": [5.04331, -11.40811, 9.47835],
			"to": [5.04331, -2.53803, 15.39174],
			"rotation": {"angle": -22.5, "axis": "z", "origin": [5.04331, -2.53803, 12.43504]},
			"faces": {
				"north": {"uv": [0, 0, 14.66667, 16], "texture": "#0"},
				"east": {"uv": [0, 0, 14.66667, 16], "texture": "#0"},
				"south": {"uv": [0, 0, 14.66667, 16], "rotation": 180, "texture": "#0"},
				"west": {"uv": [0, 0, 14.66667, 16], "texture": "#0"},
				"up": {"uv": [14.66667, 16, 0, 0], "texture": "#0"},
				"down": {"uv": [14.66667, 16, 0, 0], "texture": "#0"}
			}
		},
		{
			"from": [0.60826, -11.40811, 5.04331],
			"to": [6.52165, -2.53803, 5.04331],
			"rotation": {"angle": 22.5, "axis": "x", "origin": [3.56496, -2.53803, 5.04331]},
			"faces": {
				"north": {"uv": [0, 0, 14.66667, 16], "texture": "#2"},
				"east": {"uv": [0, 0, 14.66667, 16], "texture": "#2"},
				"south": {"uv": [0, 0, 14.66667, 16], "texture": "#2"},
				"west": {"uv": [0, 0, 14.66667, 16], "rotation": 180, "texture": "#2"},
				"up": {"uv": [14.66667, 16, 0, 0], "rotation": 90, "texture": "#2"},
				"down": {"uv": [14.66667, 16, 0, 0], "rotation": 270, "texture": "#2"}
			}
		},
		{
			"from": [10.58711, -9.92976, 5.04331],
			"to": [10.58711, -1.05968, 10.95669],
			"rotation": {"angle": 22.5, "axis": "z", "origin": [10.58711, -1.05968, 8]},
			"faces": {
				"north": {"uv": [0, 0, 14.66667, 16], "rotation": 180, "texture": "#2"},
				"east": {"uv": [0, 0, 14.66667, 16], "texture": "#2"},
				"south": {"uv": [0, 0, 14.66667, 16], "texture": "#2"},
				"west": {"uv": [0, 0, 14.66667, 16], "texture": "#2"},
				"up": {"uv": [0, 0, 14.66667, 16], "texture": "#2"},
				"down": {"uv": [0, 0, 14.66667, 16], "texture": "#2"}
			}
		},
		{
			"from": [13.58711, -9.92976, 5.04331],
			"to": [13.58711, -1.05968, 10.95669],
			"rotation": {"angle": 22.5, "axis": "z", "origin": [13.58711, -1.05968, 8]},
			"faces": {
				"north": {"uv": [0, 0, 14.66667, 16], "rotation": 180, "texture": "#2"},
				"east": {"uv": [0, 0, 14.66667, 16], "texture": "#2"},
				"south": {"uv": [0, 0, 14.66667, 16], "texture": "#2"},
				"west": {"uv": [0, 0, 14.66667, 16], "texture": "#2"},
				"up": {"uv": [0, 0, 14.66667, 16], "texture": "#2"},
				"down": {"uv": [0, 0, 14.66667, 16], "texture": "#2"}
			}
		},
		{
			"from": [5.4562, -9.92976, 13.17422],
			"to": [11.36959, -1.05968, 13.17422],
			"rotation": {"angle": -22.5, "axis": "x", "origin": [8.41289, -1.05968, 13.17422]},
			"faces": {
				"north": {"uv": [0, 0, 14.66667, 16], "texture": "#2"},
				"east": {"uv": [0, 0, 14.66667, 16], "rotation": 180, "texture": "#2"},
				"south": {"uv": [0, 0, 14.66667, 16], "texture": "#2"},
				"west": {"uv": [0, 0, 14.66667, 16], "texture": "#2"},
				"up": {"uv": [0, 0, 14.66667, 16], "rotation": 90, "texture": "#2"},
				"down": {"uv": [0, 0, 14.66667, 16], "rotation": 270, "texture": "#2"}
			}
		},
		{
			"from": [2.41289, -9.92976, 5.04331],
			"to": [2.41289, -1.05968, 10.95669],
			"rotation": {"angle": -22.5, "axis": "z", "origin": [2.41289, -1.05968, 8]},
			"faces": {
				"north": {"uv": [14.66667, 0, 0, 16], "rotation": 180, "texture": "#2"},
				"east": {"uv": [14.66667, 0, 0, 16], "texture": "#2"},
				"south": {"uv": [14.66667, 0, 0, 16], "texture": "#2"},
				"west": {"uv": [14.66667, 0, 0, 16], "texture": "#2"},
				"up": {"uv": [14.66667, 0, 0, 16], "texture": "#2"},
				"down": {"uv": [14.66667, 0, 0, 16], "texture": "#2"}
			}
		},
		{
			"from": [5.4562, -9.92976, 2],
			"to": [11.36959, -1.05968, 2],
			"rotation": {"angle": 22.5, "axis": "x", "origin": [8.41289, -1.05968, 2]},
			"faces": {
				"north": {"uv": [14.66667, 0, 0, 16], "texture": "#2"},
				"east": {"uv": [14.66667, 0, 0, 16], "rotation": 180, "texture": "#2"},
				"south": {"uv": [14.66667, 0, 0, 16], "texture": "#2"},
				"west": {"uv": [14.66667, 0, 0, 16], "texture": "#2"},
				"up": {"uv": [14.66667, 0, 0, 16], "rotation": 90, "texture": "#2"},
				"down": {"uv": [14.66667, 0, 0, 16], "rotation": 270, "texture": "#2"}
			}
		},
		{
			"from": [5.04331, -9.92976, 10.58711],
			"to": [10.95669, -1.05968, 10.58711],
			"rotation": {"angle": -22.5, "axis": "x", "origin": [8, -1.05968, 10.58711]},
			"faces": {
				"north": {"uv": [0, 0, 14.66667, 16], "texture": "#3"},
				"east": {"uv": [0, 0, 14.66667, 16], "rotation": 180, "texture": "#3"},
				"south": {"uv": [0, 0, 14.66667, 16], "texture": "#3"},
				"west": {"uv": [0, 0, 14.66667, 16], "texture": "#3"},
				"up": {"uv": [0, 0, 14.66667, 16], "rotation": 90, "texture": "#3"},
				"down": {"uv": [0, 0, 14.66667, 16], "rotation": 270, "texture": "#3"}
			}
		},
		{
			"from": [5.41289, -9.92976, 5.04331],
			"to": [5.41289, -1.05968, 10.95669],
			"rotation": {"angle": -22.5, "axis": "z", "origin": [5.41289, -1.05968, 8]},
			"faces": {
				"north": {"uv": [14.66667, 0, 0, 16], "rotation": 180, "texture": "#3"},
				"east": {"uv": [14.66667, 0, 0, 16], "texture": "#3"},
				"south": {"uv": [14.66667, 0, 0, 16], "texture": "#3"},
				"west": {"uv": [14.66667, 0, 0, 16], "texture": "#3"},
				"up": {"uv": [14.66667, 0, 0, 16], "texture": "#3"},
				"down": {"uv": [14.66667, 0, 0, 16], "texture": "#3"}
			}
		},
		{
			"from": [5.04331, -9.92976, 5.41289],
			"to": [10.95669, -1.05968, 5.41289],
			"rotation": {"angle": 22.5, "axis": "x", "origin": [8, -1.05968, 5.41289]},
			"faces": {
				"north": {"uv": [14.66667, 0, 0, 16], "texture": "#2"},
				"east": {"uv": [14.66667, 0, 0, 16], "rotation": 180, "texture": "#2"},
				"south": {"uv": [14.66667, 0, 0, 16], "texture": "#2"},
				"west": {"uv": [14.66667, 0, 0, 16], "texture": "#2"},
				"up": {"uv": [14.66667, 0, 0, 16], "rotation": 90, "texture": "#2"},
				"down": {"uv": [14.66667, 0, 0, 16], "rotation": 270, "texture": "#2"}
			}
		},
		{
			"from": [10.95669, -11.40811, 0.60826],
			"to": [10.95669, -2.53803, 6.52165],
			"rotation": {"angle": 22.5, "axis": "z", "origin": [10.95669, -2.53803, 3.56496]},
			"faces": {
				"north": {"uv": [0, 0, 14.66667, 16], "rotation": 180, "texture": "#0"},
				"east": {"uv": [0, 0, 14.66667, 16], "texture": "#0"},
				"south": {"uv": [0, 0, 14.66667, 16], "texture": "#0"},
				"west": {"uv": [0, 0, 14.66667, 16], "texture": "#0"},
				"up": {"uv": [0, 0, 14.66667, 16], "texture": "#0"},
				"down": {"uv": [0, 0, 14.66667, 16], "texture": "#0"}
			}
		},
		{
			"from": [9.47835, -11.40811, 10.95669],
			"to": [15.39174, -2.53803, 10.95669],
			"rotation": {"angle": -22.5, "axis": "x", "origin": [12.43504, -2.53803, 10.95669]},
			"faces": {
				"north": {"uv": [0, 0, 14.66667, 16], "texture": "#3"},
				"east": {"uv": [0, 0, 14.66667, 16], "rotation": 180, "texture": "#3"},
				"south": {"uv": [0, 0, 14.66667, 16], "texture": "#3"},
				"west": {"uv": [0, 0, 14.66667, 16], "texture": "#3"},
				"up": {"uv": [0, 0, 14.66667, 16], "rotation": 90, "texture": "#3"},
				"down": {"uv": [0, 0, 14.66667, 16], "rotation": 270, "texture": "#3"}
			}
		},
		{
			"from": [5.04331, -11.40811, 0.60826],
			"to": [5.04331, -2.53803, 6.52165],
			"rotation": {"angle": -22.5, "axis": "z", "origin": [5.04331, -2.53803, 3.56496]},
			"faces": {
				"north": {"uv": [14.66667, 0, 0, 16], "rotation": 180, "texture": "#0"},
				"east": {"uv": [14.66667, 0, 0, 16], "texture": "#0"},
				"south": {"uv": [14.66667, 0, 0, 16], "texture": "#0"},
				"west": {"uv": [14.66667, 0, 0, 16], "texture": "#0"},
				"up": {"uv": [14.66667, 0, 0, 16], "texture": "#0"},
				"down": {"uv": [14.66667, 0, 0, 16], "texture": "#0"}
			}
		},
		{
			"from": [9.47835, -11.40811, 5.04331],
			"to": [15.39174, -2.53803, 5.04331],
			"rotation": {"angle": 22.5, "axis": "x", "origin": [12.43504, -2.53803, 5.04331]},
			"faces": {
				"north": {"uv": [14.66667, 0, 0, 16], "texture": "#4"},
				"east": {"uv": [14.66667, 0, 0, 16], "rotation": 180, "texture": "#4"},
				"south": {"uv": [14.66667, 0, 0, 16], "texture": "#4"},
				"west": {"uv": [14.66667, 0, 0, 16], "texture": "#4"},
				"up": {"uv": [14.66667, 0, 0, 16], "rotation": 90, "texture": "#4"},
				"down": {"uv": [14.66667, 0, 0, 16], "rotation": 270, "texture": "#4"}
			}
		},
		{
			"from": [10.95669, -13.99522, 2.08661],
			"to": [10.95669, -5.12513, 8],
			"rotation": {"angle": 22.5, "axis": "z", "origin": [10.95669, -5.12513, 5.04331]},
			"faces": {
				"north": {"uv": [0, 0, 14.66667, 16], "rotation": 180, "texture": "#0"},
				"east": {"uv": [0, 0, 14.66667, 16], "texture": "#0"},
				"south": {"uv": [0, 0, 14.66667, 16], "texture": "#0"},
				"west": {"uv": [0, 0, 14.66667, 16], "texture": "#0"},
				"up": {"uv": [0, 0, 14.66667, 16], "texture": "#0"},
				"down": {"uv": [0, 0, 14.66667, 16], "texture": "#0"}
			}
		},
		{
			"from": [8, -13.99522, 10.95669],
			"to": [13.91339, -5.12513, 10.95669],
			"rotation": {"angle": -22.5, "axis": "x", "origin": [10.95669, -5.12513, 10.95669]},
			"faces": {
				"north": {"uv": [0, 0, 14.66667, 16], "texture": "#0"},
				"east": {"uv": [0, 0, 14.66667, 16], "rotation": 180, "texture": "#0"},
				"south": {"uv": [0, 0, 14.66667, 16], "texture": "#0"},
				"west": {"uv": [0, 0, 14.66667, 16], "texture": "#0"},
				"up": {"uv": [0, 0, 14.66667, 16], "rotation": 90, "texture": "#0"},
				"down": {"uv": [0, 0, 14.66667, 16], "rotation": 270, "texture": "#0"}
			}
		},
		{
			"from": [5.04331, -13.99522, 2.08661],
			"to": [5.04331, -5.12513, 8],
			"rotation": {"angle": -22.5, "axis": "z", "origin": [5.04331, -5.12513, 5.04331]},
			"faces": {
				"north": {"uv": [14.66667, 0, 0, 16], "rotation": 180, "texture": "#0"},
				"east": {"uv": [14.66667, 0, 0, 16], "texture": "#0"},
				"south": {"uv": [14.66667, 0, 0, 16], "texture": "#0"},
				"west": {"uv": [14.66667, 0, 0, 16], "texture": "#0"},
				"up": {"uv": [14.66667, 0, 0, 16], "texture": "#0"},
				"down": {"uv": [14.66667, 0, 0, 16], "texture": "#0"}
			}
		},
		{
			"from": [8, -13.99522, 5.04331],
			"to": [13.91339, -5.12513, 5.04331],
			"rotation": {"angle": 22.5, "axis": "x", "origin": [10.95669, -5.12513, 5.04331]},
			"faces": {
				"north": {"uv": [14.66667, 0, 0, 16], "texture": "#0"},
				"east": {"uv": [14.66667, 0, 0, 16], "rotation": 180, "texture": "#0"},
				"south": {"uv": [14.66667, 0, 0, 16], "texture": "#0"},
				"west": {"uv": [14.66667, 0, 0, 16], "texture": "#0"},
				"up": {"uv": [14.66667, 0, 0, 16], "rotation": 90, "texture": "#0"},
				"down": {"uv": [14.66667, 0, 0, 16], "rotation": 270, "texture": "#0"}
			}
		},
		{
			"from": [10.95669, -9.56017, 5.04331],
			"to": [16.87008, -0.69009, 5.04331],
			"rotation": {"angle": 22.5, "axis": "x", "origin": [13.91339, -0.69009, 5.04331]},
			"faces": {
				"north": {"uv": [14.66667, 0, 0, 16], "texture": "#0"},
				"east": {"uv": [14.66667, 0, 0, 16], "rotation": 180, "texture": "#0"},
				"south": {"uv": [14.66667, 0, 0, 16], "texture": "#0"},
				"west": {"uv": [14.66667, 0, 0, 16], "texture": "#0"},
				"up": {"uv": [14.66667, 0, 0, 16], "rotation": 90, "texture": "#0"},
				"down": {"uv": [14.66667, 0, 0, 16], "rotation": 270, "texture": "#0"}
			}
		},
		{
			"from": [10.95669, -9.56017, 10.95669],
			"to": [10.95669, -0.69009, 16.87008],
			"rotation": {"angle": 22.5, "axis": "z", "origin": [10.95669, -0.69009, 13.91339]},
			"faces": {
				"north": {"uv": [14.66667, 0, 0, 16], "texture": "#0"},
				"east": {"uv": [14.66667, 0, 0, 16], "texture": "#0"},
				"south": {"uv": [14.66667, 0, 0, 16], "rotation": 180, "texture": "#0"},
				"west": {"uv": [14.66667, 0, 0, 16], "texture": "#0"},
				"up": {"uv": [14.66667, 0, 0, 16], "rotation": 180, "texture": "#0"},
				"down": {"uv": [14.66667, 0, 0, 16], "rotation": 180, "texture": "#0"}
			}
		},
		{
			"from": [10.95669, -9.56017, 10.95669],
			"to": [16.87008, -0.69009, 10.95669],
			"rotation": {"angle": -22.5, "axis": "x", "origin": [13.91339, -0.69009, 10.95669]},
			"faces": {
				"north": {"uv": [0, 0, 14.66667, 16], "texture": "#4"},
				"east": {"uv": [0, 0, 14.66667, 16], "rotation": 180, "texture": "#4"},
				"south": {"uv": [0, 0, 14.66667, 16], "texture": "#4"},
				"west": {"uv": [0, 0, 14.66667, 16], "texture": "#4"},
				"up": {"uv": [0, 0, 14.66667, 16], "rotation": 90, "texture": "#4"},
				"down": {"uv": [0, 0, 14.66667, 16], "rotation": 270, "texture": "#4"}
			}
		},
		{
			"from": [5.04331, -9.56017, 10.95669],
			"to": [5.04331, -0.69009, 16.87008],
			"rotation": {"angle": -22.5, "axis": "z", "origin": [5.04331, -0.69009, 13.91339]},
			"faces": {
				"north": {"uv": [0, 0, 14.66667, 16], "texture": "#2"},
				"east": {"uv": [0, 0, 14.66667, 16], "texture": "#2"},
				"south": {"uv": [0, 0, 14.66667, 16], "rotation": 180, "texture": "#2"},
				"west": {"uv": [0, 0, 14.66667, 16], "texture": "#2"},
				"up": {"uv": [0, 0, 14.66667, 16], "rotation": 180, "texture": "#2"},
				"down": {"uv": [0, 0, 14.66667, 16], "rotation": 180, "texture": "#2"}
			}
		},
		{
			"from": [-0.87008, -9.56017, 5.04331],
			"to": [5.04331, -0.69009, 5.04331],
			"rotation": {"angle": 22.5, "axis": "x", "origin": [2.08661, -0.69009, 5.04331]},
			"faces": {
				"north": {"uv": [0, 0, 14.66667, 16], "texture": "#0"},
				"east": {"uv": [0, 0, 14.66667, 16], "texture": "#0"},
				"south": {"uv": [0, 0, 14.66667, 16], "texture": "#0"},
				"west": {"uv": [0, 0, 14.66667, 16], "rotation": 180, "texture": "#0"},
				"up": {"uv": [14.66667, 16, 0, 0], "rotation": 90, "texture": "#0"},
				"down": {"uv": [14.66667, 16, 0, 0], "rotation": 270, "texture": "#0"}
			}
		},
		{
			"from": [10.95669, -9.56017, -0.87008],
			"to": [10.95669, -0.69009, 5.04331],
			"rotation": {"angle": 22.5, "axis": "z", "origin": [10.95669, -0.69009, 2.08661]},
			"faces": {
				"north": {"uv": [0, 0, 14.66667, 16], "rotation": 180, "texture": "#0"},
				"east": {"uv": [0, 0, 14.66667, 16], "texture": "#0"},
				"south": {"uv": [0, 0, 14.66667, 16], "texture": "#0"},
				"west": {"uv": [0, 0, 14.66667, 16], "texture": "#0"},
				"up": {"uv": [14.66667, 16, 0, 0], "rotation": 180, "texture": "#0"},
				"down": {"uv": [14.66667, 16, 0, 0], "rotation": 180, "texture": "#0"}
			}
		},
		{
			"from": [-0.87008, -9.56017, 10.95669],
			"to": [5.04331, -0.69009, 10.95669],
			"rotation": {"angle": -22.5, "axis": "x", "origin": [2.08661, -0.69009, 10.95669]},
			"faces": {
				"north": {"uv": [14.66667, 0, 0, 16], "texture": "#4"},
				"east": {"uv": [14.66667, 0, 0, 16], "texture": "#4"},
				"south": {"uv": [14.66667, 0, 0, 16], "texture": "#4"},
				"west": {"uv": [14.66667, 0, 0, 16], "rotation": 180, "texture": "#4"},
				"up": {"uv": [0, 16, 14.66667, 0], "rotation": 90, "texture": "#4"},
				"down": {"uv": [0, 16, 14.66667, 0], "rotation": 270, "texture": "#4"}
			}
		},
		{
			"from": [5.04331, -9.56017, -0.87008],
			"to": [5.04331, -0.69009, 5.04331],
			"rotation": {"angle": -22.5, "axis": "z", "origin": [5.04331, -0.69009, 2.08661]},
			"faces": {
				"north": {"uv": [14.66667, 0, 0, 16], "rotation": 180, "texture": "#4"},
				"east": {"uv": [14.66667, 0, 0, 16], "texture": "#4"},
				"south": {"uv": [14.66667, 0, 0, 16], "texture": "#4"},
				"west": {"uv": [14.66667, 0, 0, 16], "texture": "#4"},
				"up": {"uv": [0, 16, 14.66667, 0], "rotation": 180, "texture": "#4"},
				"down": {"uv": [0, 16, 14.66667, 0], "rotation": 180, "texture": "#4"}
			}
		},
		{
			"from": [10.95669, -13.99522, 8],
			"to": [10.95669, -5.12513, 13.91339],
			"rotation": {"angle": 22.5, "axis": "z", "origin": [10.95669, -5.12513, 10.95669]},
			"faces": {
				"north": {"uv": [0, 0, 14.66667, 16], "rotation": 180, "texture": "#0"},
				"east": {"uv": [0, 0, 14.66667, 16], "texture": "#0"},
				"south": {"uv": [0, 0, 14.66667, 16], "texture": "#0"},
				"west": {"uv": [0, 0, 14.66667, 16], "texture": "#0"},
				"up": {"uv": [0, 0, 14.66667, 16], "texture": "#0"},
				"down": {"uv": [0, 0, 14.66667, 16], "texture": "#0"}
			}
		},
		{
			"from": [2.08661, -13.99522, 10.95669],
			"to": [8, -5.12513, 10.95669],
			"rotation": {"angle": -22.5, "axis": "x", "origin": [5.04331, -5.12513, 10.95669]},
			"faces": {
				"north": {"uv": [0, 0, 14.66667, 16], "texture": "#0"},
				"east": {"uv": [0, 0, 14.66667, 16], "rotation": 180, "texture": "#0"},
				"south": {"uv": [0, 0, 14.66667, 16], "texture": "#0"},
				"west": {"uv": [0, 0, 14.66667, 16], "texture": "#0"},
				"up": {"uv": [0, 0, 14.66667, 16], "rotation": 90, "texture": "#0"},
				"down": {"uv": [0, 0, 14.66667, 16], "rotation": 270, "texture": "#0"}
			}
		},
		{
			"from": [5.04331, -13.99522, 8],
			"to": [5.04331, -5.12513, 13.91339],
			"rotation": {"angle": -22.5, "axis": "z", "origin": [5.04331, -5.12513, 10.95669]},
			"faces": {
				"north": {"uv": [14.66667, 0, 0, 16], "rotation": 180, "texture": "#0"},
				"east": {"uv": [14.66667, 0, 0, 16], "texture": "#0"},
				"south": {"uv": [14.66667, 0, 0, 16], "texture": "#0"},
				"west": {"uv": [14.66667, 0, 0, 16], "texture": "#0"},
				"up": {"uv": [14.66667, 0, 0, 16], "texture": "#0"},
				"down": {"uv": [14.66667, 0, 0, 16], "texture": "#0"}
			}
		},
		{
			"from": [2.08661, -13.99522, 5.04331],
			"to": [8, -5.12513, 5.04331],
			"rotation": {"angle": 22.5, "axis": "x", "origin": [5.04331, -5.12513, 5.04331]},
			"faces": {
				"north": {"uv": [14.66667, 0, 0, 16], "texture": "#0"},
				"east": {"uv": [14.66667, 0, 0, 16], "rotation": 180, "texture": "#0"},
				"south": {"uv": [14.66667, 0, 0, 16], "texture": "#0"},
				"west": {"uv": [14.66667, 0, 0, 16], "texture": "#0"},
				"up": {"uv": [14.66667, 0, 0, 16], "rotation": 90, "texture": "#0"},
				"down": {"uv": [14.66667, 0, 0, 16], "rotation": 270, "texture": "#0"}
			}
		}
	],
	"display": {
		"thirdperson_righthand": {
			"rotation": [0, 45, 0],
			"translation": [0, 6, -0.25],
			"scale": [0.4, 0.4, 0.4]
		},
		"thirdperson_lefthand": {
			"rotation": [0, 45, 0],
			"translation": [0, 6, -0.25],
			"scale": [0.4, 0.4, 0.4]
		},
		"firstperson_righthand": {
			"rotation": [9, 45, 0],
			"translation": [0, 6, -0.25],
			"scale": [0.3, 0.3, 0.3]
		},
		"firstperson_lefthand": {
			"rotation": [9, 45, 0],
			"translation": [0, 6, -0.25],
			"scale": [0.3, 0.3, 0.3]
		},
		"ground": {
			"translation": [0, 5, 0],
			"scale": [0.3, 0.3, 0.3]
		},
		"gui": {
			"rotation": [21, -47, 0],
			"translation": [0, 0.25, 0],
			"scale": [0.34, 0.34, 0.34]
		},
		"head": {
			"translation": [0, 49.75, 0],
			"scale": [4, 4, 4]
		}
	},
	"groups": [0, 1, 2, 3, 4,
		{
			"name": "group",
			"origin": [10, 7, 10],
			"children": [5, 6, 7, 8, 9, 10, 11, 12, 13, 14, 15, 16, 17, 18, 19, 20, 21, 22, 23, 24, 25, 26, 27, 28, 29, 30, 31, 32, 33, 34, 35, 36, 37, 38, 39, 40, 41, 42, 43, 44, 45, 46, 47, 48, 49, 50, 51, 52, 53, 54, 55, 56, 57, 58, 59, 60, 61, 62, 63, 64, 65, 66, 67, 68, 69, 70, 71, 72, 73, 74, 75, 76, 77, 78, 79, 80, 81, 82, 83, 84, 85, 86, 87, 88, 89, 90, 91, 92, 93, 94, 95, 96, 97, 98, 99, 100, 101, 102, 103, 104, 105, 106, 107, 108, 109]
		}
	]
}