{
	"credit": "Made with Blockbench",
	"texture_size": [256, 256],
	"textures": {
		"0": "couch",
		"particle": "couch"
	},
	"elements": [
		{
			"from": [-12, 1.75, -6.5],
			"to": [28, 6.75, 12.5],
			"rotation": {"angle": 0, "axis": "y", "origin": [8, 6.75, 12.5]},
			"faces": {
				"north": {"uv": [2.9375, 2.375, 5.4375, 2.6875], "texture": "#0"},
				"east": {"uv": [5.5, 3.375, 6.6875, 3.6875], "texture": "#0"},
				"south": {"uv": [5.5, 2.6875, 8, 3], "texture": "#0"},
				"west": {"uv": [5.5, 3.6875, 6.6875, 4], "texture": "#0"},
				"up": {"uv": [5.4375, 1.1875, 2.9375, 0], "texture": "#0"},
				"down": {"uv": [5.4375, 1.1875, 2.9375, 2.375], "texture": "#0"}
			}
		},
		{
			"from": [-12, 6.75, -5.5],
			"to": [28, 7.75, 12.5],
			"rotation": {"angle": 0, "axis": "y", "origin": [8, 6.75, 12.5]},
			"faces": {
				"north": {"uv": [2.9375, 2.6875, 5.4375, 2.75], "texture": "#0"},
				"east": {"uv": [1.1875, 5.9375, 2.3125, 6], "texture": "#0"},
				"south": {"uv": [4.875, 6.125, 7.375, 6.1875], "texture": "#0"},
				"west": {"uv": [1.1875, 6, 2.3125, 6.0625], "texture": "#0"},
				"up": {"uv": [2.5, 5.125, 0, 4], "texture": "#0"},
				"down": {"uv": [5, 4, 2.5, 5.125], "texture": "#0"}
			}
		},
		{
			"from": [-15.5, 0, -6],
			"to": [31.5, 3, 16],
			"rotation": {"angle": 0, "axis": "y", "origin": [8, 6, 12.5]},
			"faces": {
				"north": {"uv": [5.5, 3, 8.4375, 3.1875], "texture": "#0"},
				"east": {"uv": [1.1875, 5.5625, 2.5625, 5.75], "texture": "#0"},
				"south": {"uv": [5.5, 3.1875, 8.4375, 3.375], "texture": "#0"},
				"west": {"uv": [1.1875, 5.75, 2.5625, 5.9375], "texture": "#0"},
				"up": {"uv": [2.9375, 1.375, 0, 0], "texture": "#0"},
				"down": {"uv": [2.9375, 1.375, 0, 2.75], "texture": "#0"}
			}
		},
		{
			"from": [28, 1.75, -6.5],
			"to": [32, 13.75, 16.5],
			"rotation": {"angle": 0, "axis": "y", "origin": [8, 6.75, 12.5]},
			"faces": {
				"north": {"uv": [2.5625, 5.875, 2.8125, 6.625], "texture": "#0"},
				"east": {"uv": [2.75, 5.125, 4.1875, 5.875], "texture": "#0"},
				"south": {"uv": [2.8125, 5.875, 3.0625, 6.625], "texture": "#0"},
				"west": {"uv": [5.4375, 0.4375, 6.875, 1.1875], "texture": "#0"},
				"up": {"uv": [4.875, 6.5625, 4.625, 5.125], "texture": "#0"},
				"down": {"uv": [0.6875, 5.5625, 0.4375, 7], "texture": "#0"}
			}
		},
		{
			"from": [-16, 1.75, -6.5],
			"to": [-12, 13.75, 16.5],
			"rotation": {"angle": 0, "axis": "y", "origin": [8, 6.75, 12.5]},
			"faces": {
				"north": {"uv": [3.0625, 5.875, 3.3125, 6.625], "texture": "#0"},
				"east": {"uv": [5.4375, 1.1875, 6.875, 1.9375], "texture": "#0"},
				"south": {"uv": [3.3125, 5.875, 3.5625, 6.625], "texture": "#0"},
				"west": {"uv": [5.4375, 1.9375, 6.875, 2.6875], "texture": "#0"},
				"up": {"uv": [0.9375, 7, 0.6875, 5.5625], "texture": "#0"},
				"down": {"uv": [1.1875, 5.5625, 0.9375, 7], "texture": "#0"}
			}
		},
		{
			"from": [-14, 1.75, 9.5],
			"to": [30, 21.75, 16.75],
			"rotation": {"angle": 0, "axis": "x", "origin": [8, 4.75, 16.5]},
			"faces": {
				"north": {"uv": [0, 2.75, 2.75, 4], "texture": "#0"},
				"east": {"uv": [4.1875, 5.125, 4.625, 6.375], "texture": "#0"},
				"south": {"uv": [2.75, 2.75, 5.5, 4], "texture": "#0"},
				"west": {"uv": [0, 5.5625, 0.4375, 6.8125], "texture": "#0"},
				"up": {"uv": [2.75, 5.5625, 0, 5.125], "texture": "#0"},
				"down": {"uv": [8.1875, 0, 5.4375, 0.4375], "texture": "#0"}
			}
		},
		{
			"from": [-12, 4.75, 8.5],
			"to": [28, 20.75, 9.5],
			"rotation": {"angle": 0, "axis": "x", "origin": [8, 4.75, 16.5]},
			"faces": {
				"north": {"uv": [5, 5, 7.625, 6], "texture": "#0"},
				"east": {"uv": [3.5625, 5.875, 3.625, 6.875], "texture": "#0"},
				"south": {"uv": [5, 4, 7.625, 5], "texture": "#0"},
				"west": {"uv": [3.625, 5.875, 3.6875, 6.875], "texture": "#0"},
				"up": {"uv": [7.5, 6.0625, 4.875, 6], "texture": "#0"},
				"down": {"uv": [7.5, 6.0625, 4.875, 6.125], "texture": "#0"}
			}
		}
	],
	"display": {
		"thirdperson_righthand": {
			"rotation": [25, 144, 0],
			"translation": [0, 0.75, -0.5],
			"scale": [0.18, 0.18, 0.18]
		},
		"thirdperson_lefthand": {
			"rotation": [25, 144, 0],
			"translation": [0, 0.75, -0.5],
			"scale": [0.18, 0.18, 0.18]
		},
		"firstperson_righthand": {
			"rotation": [-2, 144, 0],
			"translation": [0, 0.75, -0.5],
			"scale": [0.18, 0.18, 0.18]
		},
		"firstperson_lefthand": {
			"rotation": [-2, 144, 0],
			"translation": [0, 0.75, -0.5],
			"scale": [0.18, 0.18, 0.18]
		},
		"ground": {
			"translation": [0, 1.25, -0.5],
			"scale": [0.18, 0.18, 0.18]
		},
		"gui": {
			"rotation": [21, 136, 0],
			"translation": [0.75, -0.75, 0],
			"scale": [0.3, 0.3, 0.3]
		},
		"head": {
			"translation": [0, -30.5, 0],
			"scale": [1.6, 1.6, 1.6]
		},
		"fixed": {
			"translation": [-0.25, -0.75, -4],
			"scale": [0.3, 0.3, 0.3]
		}
	}
}