{
	"credit": "Made with Blockbench",
	"texture_size": [128, 128],
	"textures": {
		"0": "Gladiator_texture",
		"particle": "Gladiator_texture"
	},
	"elements": [
		{
			"from": [1, 2.75, 5],
			"to": [15, 6.75, 12],
			"rotation": {"angle": 0, "axis": "y", "origin": [12, 10.75, 14]},
			"faces": {
				"north": {"uv": [4.125, 3.5, 5.875, 4], "texture": "#0"},
				"east": {"uv": [5.875, 3.5, 6.75, 4], "texture": "#0"},
				"south": {"uv": [5.25, 1.5, 7, 2], "texture": "#0"},
				"west": {"uv": [9.5, 1.25, 10.375, 1.75], "texture": "#0"},
				"up": {"uv": [1.75, 0.875, 0, 0], "texture": "#0"},
				"down": {"uv": [1.75, 0.875, 0, 1.75], "texture": "#0"}
			}
		},
		{
			"from": [6, 2.25, 4.5],
			"to": [10, 11.75, 12.5],
			"rotation": {"angle": 0, "axis": "y", "origin": [12, 10.75, 14]},
			"faces": {
				"north": {"uv": [5.625, 7.375, 6.125, 8.625], "texture": "#0"},
				"east": {"uv": [1.375, 2.75, 2.375, 4], "texture": "#0"},
				"south": {"uv": [7.375, 4.25, 7.875, 5.5], "texture": "#0"},
				"west": {"uv": [2.375, 2.75, 3.375, 4], "texture": "#0"},
				"up": {"uv": [9.375, 6.75, 8.875, 5.75], "texture": "#0"},
				"down": {"uv": [9.5, 9, 9, 10], "texture": "#0"}
			}
		},
		{
			"from": [5, 6.75, 5],
			"to": [11, 11.75, 12],
			"rotation": {"angle": 0, "axis": "y", "origin": [12, 10.75, 14]},
			"faces": {
				"north": {"uv": [3.375, 2.75, 4.125, 3.375], "texture": "#0"},
				"east": {"uv": [8.375, 7.75, 9.25, 8.375], "texture": "#0"},
				"south": {"uv": [8.75, 1.25, 9.5, 1.875], "texture": "#0"},
				"west": {"uv": [8.5, 4.25, 9.375, 4.875], "texture": "#0"},
				"up": {"uv": [7.625, 4.25, 6.875, 3.375], "texture": "#0"},
				"down": {"uv": [2.875, 7.375, 2.125, 8.25], "texture": "#0"}
			}
		},
		{
			"from": [5, 11.75, 3],
			"to": [11, 13.75, 14],
			"rotation": {"angle": 0, "axis": "y", "origin": [12, 15.75, 14]},
			"faces": {
				"north": {"uv": [4.25, 2.5, 5, 2.75], "texture": "#0"},
				"east": {"uv": [9.625, 8.625, 11, 8.875], "texture": "#0"},
				"south": {"uv": [0, 5.125, 0.75, 5.375], "texture": "#0"},
				"west": {"uv": [10.25, 9.75, 11.625, 10], "texture": "#0"},
				"up": {"uv": [3.5, 2.375, 2.75, 1], "texture": "#0"},
				"down": {"uv": [4.125, 3.375, 3.375, 4.75], "texture": "#0"}
			}
		},
		{
			"from": [5, 12, 15.4],
			"to": [11, 18.75, 17.4],
			"rotation": {"angle": 45, "axis": "x", "origin": [8, 16, 15.4]},
			"faces": {
				"north": {"uv": [4.875, 7.375, 5.625, 8.25], "texture": "#0"},
				"east": {"uv": [6.5, 2, 6.75, 2.875], "texture": "#0"},
				"south": {"uv": [7.375, 1.375, 8.125, 2.25], "texture": "#0"},
				"west": {"uv": [4.625, 8.625, 4.875, 9.5], "texture": "#0"},
				"up": {"uv": [12.125, 3.5, 11.375, 3.25], "texture": "#0"},
				"down": {"uv": [12.125, 11, 11.375, 11.25], "texture": "#0"}
			}
		},
		{
			"from": [5, 26.29289, 16.19289],
			"to": [11, 30.29289, 18.19289],
			"rotation": {"angle": -45, "axis": "x", "origin": [8, 27, 16.9]},
			"faces": {
				"north": {"uv": [10, 3, 10.75, 3.5], "texture": "#0"},
				"east": {"uv": [12.625, 10.5, 12.875, 11], "texture": "#0"},
				"south": {"uv": [10.25, 0.375, 11, 0.875], "texture": "#0"},
				"west": {"uv": [12.625, 11.25, 12.875, 11.75], "texture": "#0"},
				"up": {"uv": [12.25, 2.375, 11.5, 2.125], "texture": "#0"},
				"down": {"uv": [12.25, 2.375, 11.5, 2.625], "texture": "#0"}
			}
		},
		{
			"from": [5, 27.42284, 10.32485],
			"to": [11, 29.42284, 14.32485],
			"rotation": {"angle": 22.5, "axis": "x", "origin": [8, 27, 16.9]},
			"faces": {
				"north": {"uv": [11.5, 7.5, 12.25, 7.75], "texture": "#0"},
				"east": {"uv": [7.875, 5.25, 8.375, 5.5], "texture": "#0"},
				"south": {"uv": [11.625, 0.75, 12.375, 1], "texture": "#0"},
				"west": {"uv": [8.125, 2, 8.625, 2.25], "texture": "#0"},
				"up": {"uv": [11, 7.25, 10.25, 6.75], "texture": "#0"},
				"down": {"uv": [11, 9.25, 10.25, 9.75], "texture": "#0"}
			}
		},
		{
			"from": [5, 29.69289, 5.70711],
			"to": [11, 31.69289, 11.70711],
			"rotation": {"angle": 0, "axis": "y", "origin": [8, 27, 16.9]},
			"faces": {
				"north": {"uv": [11.75, 1.25, 12.5, 1.5], "texture": "#0"},
				"east": {"uv": [11.75, 5, 12.5, 5.25], "texture": "#0"},
				"south": {"uv": [11.75, 5.25, 12.5, 5.5], "texture": "#0"},
				"west": {"uv": [11.375, 11.875, 12.125, 12.125], "texture": "#0"},
				"up": {"uv": [2.5, 1.75, 1.75, 1], "texture": "#0"},
				"down": {"uv": [9.125, 7, 8.375, 7.75], "texture": "#0"}
			}
		},
		{
			"from": [5.2, 16.35, 18.1],
			"to": [10.9, 27.35, 18.8],
			"rotation": {"angle": 0, "axis": "y", "origin": [8, 18.6, 16.8]},
			"faces": {
				"north": {"uv": [1.5, 4, 2.25, 5.375], "texture": "#0"},
				"east": {"uv": [1.375, 11, 1.5, 12.375], "texture": "#0"},
				"south": {"uv": [2.25, 4, 3, 5.375], "texture": "#0"},
				"west": {"uv": [4, 11.375, 4.125, 12.75], "texture": "#0"},
				"up": {"uv": [4.875, 4.125, 4.125, 4], "texture": "#0"},
				"down": {"uv": [5.75, 4.875, 5, 5], "texture": "#0"}
			}
		},
		{
			"from": [3, 12.75, 15.65],
			"to": [5, 18.3, 17.4],
			"rotation": {"angle": 45, "axis": "x", "origin": [2, 17, 15.4]},
			"faces": {
				"north": {"uv": [8.5, 11.75, 8.75, 12.5], "texture": "#0"},
				"east": {"uv": [11.75, 6, 12, 6.75], "texture": "#0"},
				"south": {"uv": [11.75, 6.75, 12, 7.5], "texture": "#0"},
				"west": {"uv": [11.75, 8.25, 12, 9], "texture": "#0"},
				"up": {"uv": [1, 13.625, 0.75, 13.375], "texture": "#0"},
				"down": {"uv": [1.375, 13.375, 1.125, 13.625], "texture": "#0"}
			}
		},
		{
			"from": [11, 12.75, 15.65],
			"to": [13, 18.3, 17.4],
			"rotation": {"angle": 45, "axis": "x", "origin": [14, 17, 15.4]},
			"faces": {
				"north": {"uv": [10.375, 11.875, 10.625, 12.625], "texture": "#0"},
				"east": {"uv": [11.875, 4, 12.125, 4.75], "texture": "#0"},
				"south": {"uv": [0.5, 12, 0.75, 12.75], "texture": "#0"},
				"west": {"uv": [0.75, 12, 1, 12.75], "texture": "#0"},
				"up": {"uv": [13.625, 10, 13.375, 9.75], "texture": "#0"},
				"down": {"uv": [13.625, 10, 13.375, 10.25], "texture": "#0"}
			}
		},
		{
			"from": [3, 26.28579, 15.73579],
			"to": [5, 29.83579, 17.48579],
			"rotation": {"angle": -45, "axis": "x", "origin": [8, 27, 16.9]},
			"faces": {
				"north": {"uv": [1.875, 12.75, 2.125, 13.25], "texture": "#0"},
				"east": {"uv": [2.125, 12.75, 2.375, 13.25], "texture": "#0"},
				"south": {"uv": [2.625, 12.75, 2.875, 13.25], "texture": "#0"},
				"west": {"uv": [3.375, 12.75, 3.625, 13.25], "texture": "#0"},
				"up": {"uv": [8.125, 13.625, 7.875, 13.375], "texture": "#0"},
				"down": {"uv": [9.125, 13.375, 8.875, 13.625], "texture": "#0"}
			}
		},
		{
			"from": [3, 26.96573, 10.68195],
			"to": [5, 28.71573, 14.43195],
			"rotation": {"angle": 22.5, "axis": "x", "origin": [8, 27, 16.9]},
			"faces": {
				"north": {"uv": [10.75, 13.375, 11, 13.625], "texture": "#0"},
				"east": {"uv": [5.5, 4.625, 6, 4.875], "texture": "#0"},
				"south": {"uv": [11, 13.375, 11.25, 13.625], "texture": "#0"},
				"west": {"uv": [6.875, 4.25, 7.375, 4.5], "texture": "#0"},
				"up": {"uv": [4.125, 13.25, 3.875, 12.75], "texture": "#0"},
				"down": {"uv": [4.375, 12.75, 4.125, 13.25], "texture": "#0"}
			}
		},
		{
			"from": [3, 29.23579, 6.16421],
			"to": [5, 30.98579, 11.71421],
			"rotation": {"angle": 0, "axis": "y", "origin": [8, 27, 16.9]},
			"faces": {
				"north": {"uv": [13.375, 2.5, 13.625, 2.75], "texture": "#0"},
				"east": {"uv": [11.625, 3.5, 12.375, 3.75], "texture": "#0"},
				"south": {"uv": [13.375, 2.75, 13.625, 3], "texture": "#0"},
				"west": {"uv": [11.625, 3.75, 12.375, 4], "texture": "#0"},
				"up": {"uv": [12, 9.75, 11.75, 9], "texture": "#0"},
				"down": {"uv": [12, 9.75, 11.75, 10.5], "texture": "#0"}
			}
		},
		{
			"from": [1, 13.65, 15.65],
			"to": [3, 18.2, 17.4],
			"rotation": {"angle": 45, "axis": "x", "origin": [0, 18, 15.4]},
			"faces": {
				"north": {"uv": [7, 1.375, 7.25, 2], "texture": "#0"},
				"east": {"uv": [8.875, 12, 9.125, 12.625], "texture": "#0"},
				"south": {"uv": [9.125, 12, 9.375, 12.625], "texture": "#0"},
				"west": {"uv": [12, 9.75, 12.25, 10.375], "texture": "#0"},
				"up": {"uv": [1.625, 13.625, 1.375, 13.375], "texture": "#0"},
				"down": {"uv": [1.875, 13.375, 1.625, 13.625], "texture": "#0"}
			}
		},
		{
			"from": [13, 13.65, 15.65],
			"to": [15, 18.2, 17.4],
			"rotation": {"angle": 45, "axis": "x", "origin": [16, 18, 15.4]},
			"faces": {
				"north": {"uv": [4.125, 12.125, 4.375, 12.75], "texture": "#0"},
				"east": {"uv": [4.375, 12.125, 4.625, 12.75], "texture": "#0"},
				"south": {"uv": [4.625, 12.125, 4.875, 12.75], "texture": "#0"},
				"west": {"uv": [4.875, 12.125, 5.125, 12.75], "texture": "#0"},
				"up": {"uv": [13.625, 7.75, 13.375, 7.5], "texture": "#0"},
				"down": {"uv": [13.625, 7.75, 13.375, 8], "texture": "#0"}
			}
		},
		{
			"from": [15, 14.65, 12.65],
			"to": [16.25, 18.7, 16.65],
			"rotation": {"angle": 45, "axis": "x", "origin": [16, 18, 15.4]},
			"faces": {
				"north": {"uv": [3.25, 4, 3.375, 4.5], "texture": "#0"},
				"east": {"uv": [7.125, 11, 7.625, 11.5], "texture": "#0"},
				"south": {"uv": [6.75, 3.5, 6.875, 4], "texture": "#0"},
				"west": {"uv": [11, 0, 11.5, 0.5], "texture": "#0"},
				"up": {"uv": [7.375, 1.875, 7.25, 1.375], "texture": "#0"},
				"down": {"uv": [2.125, 8.75, 2, 9.25], "texture": "#0"}
			}
		},
		{
			"from": [-0.25, 14.65, 12.65],
			"to": [1, 18.7, 16.65],
			"rotation": {"angle": 45, "axis": "x", "origin": [0, 18, 15.4]},
			"faces": {
				"north": {"uv": [7.125, 13.625, 7.25, 14.125], "texture": "#0"},
				"east": {"uv": [11.125, 3.5, 11.625, 4], "texture": "#0"},
				"south": {"uv": [7.25, 13.625, 7.375, 14.125], "texture": "#0"},
				"west": {"uv": [11.25, 5, 11.75, 5.5], "texture": "#0"},
				"up": {"uv": [7.5, 14.125, 7.375, 13.625], "texture": "#0"},
				"down": {"uv": [7.625, 13.625, 7.5, 14.125], "texture": "#0"}
			}
		},
		{
			"from": [15, 23.25, 1.28579],
			"to": [16.25, 27.25, 5.33579],
			"rotation": {"angle": -45, "axis": "x", "origin": [16, 26, 3.4]},
			"faces": {
				"north": {"uv": [5.75, 9.75, 5.875, 10.25], "texture": "#0"},
				"east": {"uv": [11, 6.75, 11.5, 7.25], "texture": "#0"},
				"south": {"uv": [3.375, 11.375, 3.5, 11.875], "texture": "#0"},
				"west": {"uv": [11, 8.375, 11.5, 8.875], "texture": "#0"},
				"up": {"uv": [11.625, 0.5, 11.5, 0], "texture": "#0"},
				"down": {"uv": [7.125, 13.5, 7, 14], "texture": "#0"}
			}
		},
		{
			"from": [-0.25, 23.25, 1.28579],
			"to": [1, 27.25, 5.33579],
			"rotation": {"angle": -45, "axis": "x", "origin": [0, 26, 3.4]},
			"faces": {
				"north": {"uv": [10.375, 13.5, 10.5, 14], "texture": "#0"},
				"east": {"uv": [11, 9.25, 11.5, 9.75], "texture": "#0"},
				"south": {"uv": [12.25, 13.5, 12.375, 14], "texture": "#0"},
				"west": {"uv": [11.125, 0.5, 11.625, 1], "texture": "#0"},
				"up": {"uv": [6.625, 14.125, 6.5, 13.625], "texture": "#0"},
				"down": {"uv": [6.75, 13.625, 6.625, 14.125], "texture": "#0"}
			}
		},
		{
			"from": [15, 17.65, 12.75],
			"to": [16.55, 26.7, 16.75],
			"rotation": {"angle": 0, "axis": "y", "origin": [16, 21, 15.5]},
			"faces": {
				"north": {"uv": [5.125, 10.75, 5.375, 11.875], "texture": "#0"},
				"east": {"uv": [2.625, 8.5, 3.125, 9.625], "texture": "#0"},
				"south": {"uv": [3.5, 10.875, 3.75, 12], "texture": "#0"},
				"west": {"uv": [6.125, 8.5, 6.625, 9.625], "texture": "#0"},
				"up": {"uv": [13.375, 5.875, 13.125, 5.375], "texture": "#0"},
				"down": {"uv": [13.375, 7.5, 13.125, 8], "texture": "#0"}
			}
		},
		{
			"from": [-0.55, 17.65, 12.75],
			"to": [1, 26.7, 16.75],
			"rotation": {"angle": 0, "axis": "y", "origin": [0, 21, 15.5]},
			"faces": {
				"north": {"uv": [5.625, 11, 5.875, 12.125], "texture": "#0"},
				"east": {"uv": [5.375, 8.625, 5.875, 9.75], "texture": "#0"},
				"south": {"uv": [5.875, 11, 6.125, 12.125], "texture": "#0"},
				"west": {"uv": [7.25, 8.625, 7.75, 9.75], "texture": "#0"},
				"up": {"uv": [3.625, 13.75, 3.375, 13.25], "texture": "#0"},
				"down": {"uv": [4.125, 13.25, 3.875, 13.75], "texture": "#0"}
			}
		},
		{
			"from": [15, 16.3, 1.05],
			"to": [16.55, 25.35, 5.05],
			"rotation": {"angle": 0, "axis": "y", "origin": [16, 26, 3.4]},
			"faces": {
				"north": {"uv": [6.875, 10.875, 7.125, 12], "texture": "#0"},
				"east": {"uv": [0, 8.625, 0.5, 9.75], "texture": "#0"},
				"south": {"uv": [1.125, 11, 1.375, 12.125], "texture": "#0"},
				"west": {"uv": [3.125, 8.625, 3.625, 9.75], "texture": "#0"},
				"up": {"uv": [13.375, 10.25, 13.125, 9.75], "texture": "#0"},
				"down": {"uv": [13.375, 10.25, 13.125, 10.75], "texture": "#0"}
			}
		},
		{
			"from": [-0.55, 16.3, 1.05],
			"to": [1, 25.35, 5.05],
			"rotation": {"angle": 0, "axis": "y", "origin": [0, 26, 3.4]},
			"faces": {
				"north": {"uv": [2.625, 11, 2.875, 12.125], "texture": "#0"},
				"east": {"uv": [3.625, 8.625, 4.125, 9.75], "texture": "#0"},
				"south": {"uv": [5.375, 11, 5.625, 12.125], "texture": "#0"},
				"west": {"uv": [4.125, 8.625, 4.625, 9.75], "texture": "#0"},
				"up": {"uv": [13.375, 13, 13.125, 12.5], "texture": "#0"},
				"down": {"uv": [2.875, 13.25, 2.625, 13.75], "texture": "#0"}
			}
		},
		{
			"from": [15, 15.05, 0.3],
			"to": [16.05, 22.85, 3.3],
			"rotation": {"angle": 0, "axis": "y", "origin": [16, 26, 3.4]},
			"faces": {
				"north": {"uv": [1.875, 13.25, 2, 14.25], "texture": "#0"},
				"east": {"uv": [3.125, 0, 3.5, 1], "texture": "#0"},
				"south": {"uv": [2, 13.25, 2.125, 14.25], "texture": "#0"},
				"west": {"uv": [3.75, 10.375, 4.125, 11.375], "texture": "#0"},
				"up": {"uv": [7.75, 5.875, 7.625, 5.5], "texture": "#0"},
				"down": {"uv": [9.375, 4.875, 9.25, 5.25], "texture": "#0"}
			}
		},
		{
			"from": [-0.05, 15.05, 0.3],
			"to": [1, 22.85, 3.3],
			"rotation": {"angle": 0, "axis": "y", "origin": [0, 26, 3.4]},
			"faces": {
				"north": {"uv": [2.125, 13.25, 2.25, 14.25], "texture": "#0"},
				"east": {"uv": [8.25, 10.375, 8.625, 11.375], "texture": "#0"},
				"south": {"uv": [2.25, 13.25, 2.375, 14.25], "texture": "#0"},
				"west": {"uv": [7.875, 10.5, 8.25, 11.5], "texture": "#0"},
				"up": {"uv": [7.25, 9.75, 7.125, 9.375], "texture": "#0"},
				"down": {"uv": [4.625, 9.75, 4.5, 10.125], "texture": "#0"}
			}
		},
		{
			"from": [1, 26.67868, 15.02868],
			"to": [3, 29.72868, 16.77868],
			"rotation": {"angle": -45, "axis": "x", "origin": [8, 27, 16.9]},
			"faces": {
				"north": {"uv": [2.125, 10.125, 2.375, 10.5], "texture": "#0"},
				"east": {"uv": [10.5, 6.375, 10.75, 6.75], "texture": "#0"},
				"south": {"uv": [10.75, 0, 11, 0.375], "texture": "#0"},
				"west": {"uv": [5, 13.25, 5.25, 13.625], "texture": "#0"},
				"up": {"uv": [9.375, 13.625, 9.125, 13.375], "texture": "#0"},
				"down": {"uv": [9.625, 13.375, 9.375, 13.625], "texture": "#0"}
			}
		},
		{
			"from": [1, 26.25863, 10.88906],
			"to": [3, 28.00863, 14.33906],
			"rotation": {"angle": 22.5, "axis": "x", "origin": [8, 27, 16.9]},
			"faces": {
				"north": {"uv": [9.625, 13.375, 9.875, 13.625], "texture": "#0"},
				"east": {"uv": [9.625, 8.375, 10, 8.625], "texture": "#0"},
				"south": {"uv": [9.875, 13.375, 10.125, 13.625], "texture": "#0"},
				"west": {"uv": [5.875, 13.25, 6.25, 13.5], "texture": "#0"},
				"up": {"uv": [6.5, 13.625, 6.25, 13.25], "texture": "#0"},
				"down": {"uv": [6.75, 13.25, 6.5, 13.625], "texture": "#0"}
			}
		},
		{
			"from": [1, 28.52868, 6.77132],
			"to": [3, 30.27868, 11.62132],
			"rotation": {"angle": 0, "axis": "y", "origin": [8, 27, 16.9]},
			"faces": {
				"north": {"uv": [13.375, 2, 13.625, 2.25], "texture": "#0"},
				"east": {"uv": [0.75, 3.75, 1.375, 4], "texture": "#0"},
				"south": {"uv": [13.375, 2.25, 13.625, 2.5], "texture": "#0"},
				"west": {"uv": [6.125, 5.875, 6.75, 6.125], "texture": "#0"},
				"up": {"uv": [1.375, 12.75, 1.125, 12.125], "texture": "#0"},
				"down": {"uv": [1.75, 12.125, 1.5, 12.75], "texture": "#0"}
			}
		},
		{
			"from": [13, 26.67868, 15.02868],
			"to": [15, 29.72868, 16.77868],
			"rotation": {"angle": -45, "axis": "x", "origin": [8, 27, 16.9]},
			"faces": {
				"north": {"uv": [7.375, 5.5, 7.625, 5.875], "texture": "#0"},
				"east": {"uv": [5.375, 8.25, 5.625, 8.625], "texture": "#0"},
				"south": {"uv": [9.625, 7.375, 9.875, 7.75], "texture": "#0"},
				"west": {"uv": [4.25, 9.75, 4.5, 10.125], "texture": "#0"},
				"up": {"uv": [2.625, 13.625, 2.375, 13.375], "texture": "#0"},
				"down": {"uv": [7.375, 13.375, 7.125, 13.625], "texture": "#0"}
			}
		},
		{
			"from": [13, 26.25863, 10.88906],
			"to": [15, 28.00863, 14.33906],
			"rotation": {"angle": 22.5, "axis": "x", "origin": [8, 27, 16.9]},
			"faces": {
				"north": {"uv": [12.875, 13.375, 13.125, 13.625], "texture": "#0"},
				"east": {"uv": [6.75, 13.25, 7.125, 13.5], "texture": "#0"},
				"south": {"uv": [13.375, 13.375, 13.625, 13.625], "texture": "#0"},
				"west": {"uv": [10.125, 13.25, 10.5, 13.5], "texture": "#0"},
				"up": {"uv": [10.75, 13.625, 10.5, 13.25], "texture": "#0"},
				"down": {"uv": [13.5, 0, 13.25, 0.375], "texture": "#0"}
			}
		},
		{
			"from": [13, 28.52868, 6.77132],
			"to": [15, 30.27868, 11.62132],
			"rotation": {"angle": 0, "axis": "y", "origin": [8, 27, 16.9]},
			"faces": {
				"north": {"uv": [13.375, 5.375, 13.625, 5.625], "texture": "#0"},
				"east": {"uv": [7.5, 1, 8.125, 1.25], "texture": "#0"},
				"south": {"uv": [13.375, 5.625, 13.625, 5.875], "texture": "#0"},
				"west": {"uv": [7.75, 7.5, 8.375, 7.75], "texture": "#0"},
				"up": {"uv": [2, 12.75, 1.75, 12.125], "texture": "#0"},
				"down": {"uv": [2.875, 12.125, 2.625, 12.75], "texture": "#0"}
			}
		},
		{
			"from": [11, 26.28579, 15.73579],
			"to": [13, 29.83579, 17.48579],
			"rotation": {"angle": -45, "axis": "x", "origin": [8, 27, 16.9]},
			"faces": {
				"north": {"uv": [1.5, 9.625, 1.75, 10.125], "texture": "#0"},
				"east": {"uv": [9.625, 5.25, 9.875, 5.75], "texture": "#0"},
				"south": {"uv": [12.625, 5.5, 12.875, 6], "texture": "#0"},
				"west": {"uv": [12.625, 7.75, 12.875, 8.25], "texture": "#0"},
				"up": {"uv": [7.625, 13.625, 7.375, 13.375], "texture": "#0"},
				"down": {"uv": [7.875, 13.375, 7.625, 13.625], "texture": "#0"}
			}
		},
		{
			"from": [11, 26.96573, 10.68195],
			"to": [13, 28.71573, 14.43195],
			"rotation": {"angle": 22.5, "axis": "x", "origin": [8, 27, 16.9]},
			"faces": {
				"north": {"uv": [12.375, 13.375, 12.625, 13.625], "texture": "#0"},
				"east": {"uv": [10.875, 2.75, 11.375, 3], "texture": "#0"},
				"south": {"uv": [12.625, 13.375, 12.875, 13.625], "texture": "#0"},
				"west": {"uv": [10.875, 10.625, 11.375, 10.875], "texture": "#0"},
				"up": {"uv": [4.625, 13.25, 4.375, 12.75], "texture": "#0"},
				"down": {"uv": [4.875, 12.75, 4.625, 13.25], "texture": "#0"}
			}
		},
		{
			"from": [11, 29.23579, 6.16421],
			"to": [13, 30.98579, 11.71421],
			"rotation": {"angle": 0, "axis": "y", "origin": [8, 27, 16.9]},
			"faces": {
				"north": {"uv": [13.375, 4.875, 13.625, 5.125], "texture": "#0"},
				"east": {"uv": [11.875, 0, 12.625, 0.25], "texture": "#0"},
				"south": {"uv": [13.375, 5.125, 13.625, 5.375], "texture": "#0"},
				"west": {"uv": [11.875, 0.25, 12.625, 0.5], "texture": "#0"},
				"up": {"uv": [5.375, 12.625, 5.125, 11.875], "texture": "#0"},
				"down": {"uv": [10.375, 11.875, 10.125, 12.625], "texture": "#0"}
			}
		},
		{
			"from": [0.45, 11.075, 3],
			"to": [6.45, 13.075, 14],
			"rotation": {"angle": -22.5, "axis": "z", "origin": [7.45, 15.075, 14]},
			"faces": {
				"north": {"uv": [11.125, 1, 11.875, 1.25], "texture": "#0"},
				"east": {"uv": [10.5, 4.5, 11.875, 4.75], "texture": "#0"},
				"south": {"uv": [11.125, 4, 11.875, 4.25], "texture": "#0"},
				"west": {"uv": [10.5, 4.75, 11.875, 5], "texture": "#0"},
				"up": {"uv": [0.75, 5.125, 0, 3.75], "texture": "#0"},
				"down": {"uv": [1.5, 4, 0.75, 5.375], "texture": "#0"}
			}
		},
		{
			"from": [10, 12.75, 3],
			"to": [16, 14.75, 14],
			"rotation": {"angle": 22.5, "axis": "z", "origin": [13, 14.75, 9]},
			"faces": {
				"north": {"uv": [9.5, 9.25, 10.25, 9.5], "texture": "#0"},
				"east": {"uv": [10.375, 1.375, 11.75, 1.625], "texture": "#0"},
				"south": {"uv": [9.625, 1, 10.375, 1.25], "texture": "#0"},
				"west": {"uv": [10.5, 4.25, 11.875, 4.5], "texture": "#0"},
				"up": {"uv": [4.25, 1.375, 3.5, 0], "texture": "#0"},
				"down": {"uv": [4.25, 1.375, 3.5, 2.75], "texture": "#0"}
			}
		},
		{
			"from": [15, 14.75, 3],
			"to": [17, 22.25, 14],
			"rotation": {"angle": 0, "axis": "y", "origin": [15, 17.75, 9]},
			"faces": {
				"north": {"uv": [5.875, 8.625, 6.125, 9.625], "texture": "#0"},
				"east": {"uv": [0, 1.75, 1.375, 2.75], "texture": "#0"},
				"south": {"uv": [7.625, 11, 7.875, 12], "texture": "#0"},
				"west": {"uv": [1.375, 1.75, 2.75, 2.75], "texture": "#0"},
				"up": {"uv": [8.875, 11.75, 8.625, 10.375], "texture": "#0"},
				"down": {"uv": [10.75, 5, 10.5, 6.375], "texture": "#0"}
			}
		},
		{
			"from": [-1, 14.75, 3],
			"to": [1, 22.25, 14],
			"rotation": {"angle": 0, "axis": "y", "origin": [1, 17.75, 9]},
			"faces": {
				"north": {"uv": [6.375, 11.375, 6.625, 12.375], "texture": "#0"},
				"east": {"uv": [1.75, 0, 3.125, 1], "texture": "#0"},
				"south": {"uv": [6.625, 11.375, 6.875, 12.375], "texture": "#0"},
				"west": {"uv": [0, 2.75, 1.375, 3.75], "texture": "#0"},
				"up": {"uv": [10.875, 3, 10.625, 1.625], "texture": "#0"},
				"down": {"uv": [10.875, 7.25, 10.625, 8.625], "texture": "#0"}
			}
		},
		{
			"from": [15.75, 18, 4.75],
			"to": [18, 25.5, 13],
			"rotation": {"angle": 0, "axis": "y", "origin": [15.75, 21, 9]},
			"faces": {
				"north": {"uv": [2.875, 11.375, 3.125, 12.375], "texture": "#0"},
				"east": {"uv": [4.25, 1.5, 5.25, 2.5], "texture": "#0"},
				"south": {"uv": [3.125, 11.375, 3.375, 12.375], "texture": "#0"},
				"west": {"uv": [3, 4.75, 4, 5.75], "texture": "#0"},
				"up": {"uv": [4, 12.375, 3.75, 11.375], "texture": "#0"},
				"down": {"uv": [6.375, 11.375, 6.125, 12.375], "texture": "#0"}
			}
		},
		{
			"from": [14.75, 21, 5],
			"to": [20, 25.5, 12.25],
			"rotation": {"angle": -22.5, "axis": "z", "origin": [15.75, 20, 9.25]},
			"faces": {
				"north": {"uv": [9.875, 5.5, 10.5, 6.125], "texture": "#0"},
				"east": {"uv": [8.625, 2, 9.5, 2.625], "texture": "#0"},
				"south": {"uv": [9.875, 6.125, 10.5, 6.75], "texture": "#0"},
				"west": {"uv": [8.625, 2.625, 9.5, 3.25], "texture": "#0"},
				"up": {"uv": [1.125, 9.625, 0.5, 8.75], "texture": "#0"},
				"down": {"uv": [1.75, 8.75, 1.125, 9.625], "texture": "#0"}
			}
		},
		{
			"from": [-4, 21, 5],
			"to": [1.25, 25.5, 12.25],
			"rotation": {"angle": 22.5, "axis": "z", "origin": [0.25, 20, 9.25]},
			"faces": {
				"north": {"uv": [10, 8, 10.625, 8.625], "texture": "#0"},
				"east": {"uv": [8.75, 0, 9.625, 0.625], "texture": "#0"},
				"south": {"uv": [1.5, 10.125, 2.125, 10.75], "texture": "#0"},
				"west": {"uv": [8.75, 0.625, 9.625, 1.25], "texture": "#0"},
				"up": {"uv": [8.375, 9.625, 7.75, 8.75], "texture": "#0"},
				"down": {"uv": [9, 8.875, 8.375, 9.75], "texture": "#0"}
			}
		},
		{
			"from": [15.75, 18, 6],
			"to": [19.75, 24.5, 10.25],
			"rotation": {"angle": -22.5, "axis": "z", "origin": [14.75, 17, 9.25]},
			"faces": {
				"north": {"uv": [6.75, 5.875, 7.25, 6.75], "texture": "#0"},
				"east": {"uv": [9.5, 1.75, 10, 2.625], "texture": "#0"},
				"south": {"uv": [9.5, 2.625, 10, 3.5], "texture": "#0"},
				"west": {"uv": [0.5, 9.625, 1, 10.5], "texture": "#0"},
				"up": {"uv": [11.875, 2.125, 11.375, 1.625], "texture": "#0"},
				"down": {"uv": [11.875, 2.75, 11.375, 3.25], "texture": "#0"}
			}
		},
		{
			"from": [-3.75, 18, 6],
			"to": [0.25, 24.5, 10.25],
			"rotation": {"angle": 22.5, "axis": "z", "origin": [1.25, 17, 9.25]},
			"faces": {
				"north": {"uv": [1, 9.625, 1.5, 10.5], "texture": "#0"},
				"east": {"uv": [2.5, 9.625, 3, 10.5], "texture": "#0"},
				"south": {"uv": [5.875, 9.625, 6.375, 10.5], "texture": "#0"},
				"west": {"uv": [7.75, 9.625, 8.25, 10.5], "texture": "#0"},
				"up": {"uv": [11.875, 11, 11.375, 10.5], "texture": "#0"},
				"down": {"uv": [1, 11.5, 0.5, 12], "texture": "#0"}
			}
		},
		{
			"from": [18.75, 22, 6],
			"to": [23.75, 26.5, 10.25],
			"rotation": {"angle": -45, "axis": "z", "origin": [13.75, 20, 9.25]},
			"faces": {
				"north": {"uv": [8.875, 10, 9.5, 10.625], "texture": "#0"},
				"east": {"uv": [10.375, 10.75, 10.875, 11.375], "texture": "#0"},
				"south": {"uv": [10, 1.75, 10.625, 2.375], "texture": "#0"},
				"west": {"uv": [10.75, 5, 11.25, 5.625], "texture": "#0"},
				"up": {"uv": [11.375, 3.5, 10.75, 3], "texture": "#0"},
				"down": {"uv": [11.375, 5.625, 10.75, 6.125], "texture": "#0"}
			}
		},
		{
			"from": [-7.75, 22, 6],
			"to": [-2.75, 26.5, 10.25],
			"rotation": {"angle": 45, "axis": "z", "origin": [2.25, 20, 9.25]},
			"faces": {
				"north": {"uv": [4.25, 10.125, 4.875, 10.75], "texture": "#0"},
				"east": {"uv": [10.875, 10.875, 11.375, 11.5], "texture": "#0"},
				"south": {"uv": [4.875, 10.125, 5.5, 10.75], "texture": "#0"},
				"west": {"uv": [10.875, 1.625, 11.375, 2.25], "texture": "#0"},
				"up": {"uv": [11.5, 2.75, 10.875, 2.25], "texture": "#0"},
				"down": {"uv": [11.5, 7.25, 10.875, 7.75], "texture": "#0"}
			}
		},
		{
			"from": [21.75, 22.25, 1],
			"to": [26, 26.25, 11.25],
			"rotation": {"angle": -45, "axis": "z", "origin": [13.75, 20, 8.25]},
			"faces": {
				"north": {"uv": [11.375, 5.5, 11.875, 6], "texture": "#0"},
				"east": {"uv": [8.25, 3.25, 9.5, 3.75], "texture": "#0"},
				"south": {"uv": [11.375, 7.75, 11.875, 8.25], "texture": "#0"},
				"west": {"uv": [8.25, 3.75, 9.5, 4.25], "texture": "#0"},
				"up": {"uv": [7.25, 9.375, 6.75, 8.125], "texture": "#0"},
				"down": {"uv": [2.625, 8.25, 2.125, 9.5], "texture": "#0"}
			}
		},
		{
			"from": [-10, 22.25, 1],
			"to": [-5.75, 26.25, 11.25],
			"rotation": {"angle": 45, "axis": "z", "origin": [2.25, 20, 8.25]},
			"faces": {
				"north": {"uv": [2, 11.5, 2.5, 12], "texture": "#0"},
				"east": {"uv": [8.375, 8.375, 9.625, 8.875], "texture": "#0"},
				"south": {"uv": [7.125, 11.5, 7.625, 12], "texture": "#0"},
				"west": {"uv": [8.375, 5.25, 9.625, 5.75], "texture": "#0"},
				"up": {"uv": [5.375, 9.5, 4.875, 8.25], "texture": "#0"},
				"down": {"uv": [8.875, 5.75, 8.375, 7], "texture": "#0"}
			}
		},
		{
			"from": [21.50605, 13.63539, -3],
			"to": [26.25605, 18.13539, 1],
			"rotation": {"angle": -45, "axis": "z", "origin": [23.85, 15.825, -2.75]},
			"faces": {
				"north": {"uv": [10, 2.375, 10.625, 3], "texture": "#0"},
				"east": {"uv": [10.75, 6.125, 11.25, 6.75], "texture": "#0"},
				"south": {"uv": [10, 7.375, 10.625, 8], "texture": "#0"},
				"west": {"uv": [10.75, 10, 11.25, 10.625], "texture": "#0"},
				"up": {"uv": [3.5, 11.375, 2.875, 10.875], "texture": "#0"},
				"down": {"uv": [6.875, 10.875, 6.25, 11.375], "texture": "#0"}
			}
		},
		{
			"from": [-10.25, 22, -3],
			"to": [-5.5, 26.5, 1],
			"rotation": {"angle": 45, "axis": "z", "origin": [2.25, 20, 8.25]},
			"faces": {
				"north": {"uv": [9.5, 10.125, 10.125, 10.75], "texture": "#0"},
				"east": {"uv": [10.875, 7.75, 11.375, 8.375], "texture": "#0"},
				"south": {"uv": [10.125, 10.125, 10.75, 10.75], "texture": "#0"},
				"west": {"uv": [0, 11, 0.5, 11.625], "texture": "#0"},
				"up": {"uv": [1.125, 11.5, 0.5, 11], "texture": "#0"},
				"down": {"uv": [2.625, 11, 2, 11.5], "texture": "#0"}
			}
		},
		{
			"from": [23, 17.5, -6],
			"to": [24.75, 19.25, -1],
			"rotation": {"angle": 0, "axis": "y", "origin": [23.85, 15.825, -2.75]},
			"faces": {
				"north": {"uv": [12.375, 13.625, 12.625, 13.875], "texture": "#0"},
				"east": {"uv": [12.5, 2.25, 13.125, 2.5], "texture": "#0"},
				"south": {"uv": [12.625, 13.625, 12.875, 13.875], "texture": "#0"},
				"west": {"uv": [12.5, 5, 13.125, 5.25], "texture": "#0"},
				"up": {"uv": [3.375, 13, 3.125, 12.375], "texture": "#0"},
				"down": {"uv": [3.875, 12.375, 3.625, 13], "texture": "#0"}
			}
		},
		{
			"from": [-11.25, 15, -6],
			"to": [-9.5, 16.75, -1],
			"rotation": {"angle": 0, "axis": "y", "origin": [-7.75, 15.75, -3.75]},
			"faces": {
				"north": {"uv": [13.625, 4, 13.875, 4.25], "texture": "#0"},
				"east": {"uv": [12.625, 1, 13.25, 1.25], "texture": "#0"},
				"south": {"uv": [13.625, 4.625, 13.875, 4.875], "texture": "#0"},
				"west": {"uv": [12.625, 1.5, 13.25, 1.75], "texture": "#0"},
				"up": {"uv": [1, 13.375, 0.75, 12.75], "texture": "#0"},
				"down": {"uv": [1.375, 12.75, 1.125, 13.375], "texture": "#0"}
			}
		},
		{
			"from": [-8.75, 17.5, -6],
			"to": [-7, 19.25, -1],
			"rotation": {"angle": 0, "axis": "y", "origin": [-7.75, 15.75, -3.75]},
			"faces": {
				"north": {"uv": [13.625, 1, 13.875, 1.25], "texture": "#0"},
				"east": {"uv": [8.875, 12.625, 9.5, 12.875], "texture": "#0"},
				"south": {"uv": [13.625, 1.25, 13.875, 1.5], "texture": "#0"},
				"west": {"uv": [9.5, 12.625, 10.125, 12.875], "texture": "#0"},
				"up": {"uv": [6.625, 13.25, 6.375, 12.625], "texture": "#0"},
				"down": {"uv": [6.875, 12.625, 6.625, 13.25], "texture": "#0"}
			}
		},
		{
			"from": [25.5, 15, -6],
			"to": [27.25, 16.75, -1],
			"rotation": {"angle": 0, "axis": "y", "origin": [23.85, 15.825, -2.75]},
			"faces": {
				"north": {"uv": [13.625, 4.875, 13.875, 5.125], "texture": "#0"},
				"east": {"uv": [12.625, 1.75, 13.25, 2], "texture": "#0"},
				"south": {"uv": [13.625, 5.125, 13.875, 5.375], "texture": "#0"},
				"west": {"uv": [12.625, 4.625, 13.25, 4.875], "texture": "#0"},
				"up": {"uv": [1.625, 13.375, 1.375, 12.75], "texture": "#0"},
				"down": {"uv": [1.875, 12.75, 1.625, 13.375], "texture": "#0"}
			}
		},
		{
			"from": [23, 12.5, -6],
			"to": [24.75, 14.25, -1],
			"rotation": {"angle": 0, "axis": "y", "origin": [23.85, 15.825, -2.75]},
			"faces": {
				"north": {"uv": [12.875, 13.625, 13.125, 13.875], "texture": "#0"},
				"east": {"uv": [12.5, 5.25, 13.125, 5.5], "texture": "#0"},
				"south": {"uv": [13.125, 13.625, 13.375, 13.875], "texture": "#0"},
				"west": {"uv": [12.5, 9.75, 13.125, 10], "texture": "#0"},
				"up": {"uv": [8.5, 13, 8.25, 12.375], "texture": "#0"},
				"down": {"uv": [8.75, 12.5, 8.5, 13.125], "texture": "#0"}
			}
		},
		{
			"from": [-8.75, 12.5, -6],
			"to": [-7, 14.25, -1],
			"rotation": {"angle": 0, "axis": "y", "origin": [-7.75, 15.75, -3.75]},
			"faces": {
				"north": {"uv": [13.625, 2.5, 13.875, 2.75], "texture": "#0"},
				"east": {"uv": [12.625, 0.25, 13.25, 0.5], "texture": "#0"},
				"south": {"uv": [13.625, 2.75, 13.875, 3], "texture": "#0"},
				"west": {"uv": [12.625, 0.5, 13.25, 0.75], "texture": "#0"},
				"up": {"uv": [12.875, 3.125, 12.625, 2.5], "texture": "#0"},
				"down": {"uv": [0.75, 12.75, 0.5, 13.375], "texture": "#0"}
			}
		},
		{
			"from": [20.5, 15, -6],
			"to": [22.25, 16.75, -1],
			"rotation": {"angle": 0, "axis": "y", "origin": [23.85, 15.825, -2.75]},
			"faces": {
				"north": {"uv": [13.375, 13.625, 13.625, 13.875], "texture": "#0"},
				"east": {"uv": [12.5, 10, 13.125, 10.25], "texture": "#0"},
				"south": {"uv": [13.625, 13.625, 13.875, 13.875], "texture": "#0"},
				"west": {"uv": [12.5, 10.25, 13.125, 10.5], "texture": "#0"},
				"up": {"uv": [5.375, 13.25, 5.125, 12.625], "texture": "#0"},
				"down": {"uv": [6.375, 12.625, 6.125, 13.25], "texture": "#0"}
			}
		},
		{
			"from": [-6.25, 15, -6],
			"to": [-4.5, 16.75, -1],
			"rotation": {"angle": 0, "axis": "y", "origin": [-7.75, 15.75, -3.75]},
			"faces": {
				"north": {"uv": [13.625, 2, 13.875, 2.25], "texture": "#0"},
				"east": {"uv": [12.375, 12.625, 13, 12.875], "texture": "#0"},
				"south": {"uv": [13.625, 2.25, 13.875, 2.5], "texture": "#0"},
				"west": {"uv": [12.625, 0, 13.25, 0.25], "texture": "#0"},
				"up": {"uv": [10.375, 13.25, 10.125, 12.625], "texture": "#0"},
				"down": {"uv": [10.625, 12.625, 10.375, 13.25], "texture": "#0"}
			}
		},
		{
			"from": [-2, 18, 4.75],
			"to": [0.25, 25.5, 13],
			"rotation": {"angle": 0, "axis": "y", "origin": [0.25, 21, 9]},
			"faces": {
				"north": {"uv": [8.25, 11.375, 8.5, 12.375], "texture": "#0"},
				"east": {"uv": [4, 4.875, 5, 5.875], "texture": "#0"},
				"south": {"uv": [9.375, 11.375, 9.625, 12.375], "texture": "#0"},
				"west": {"uv": [5, 5, 6, 6], "texture": "#0"},
				"up": {"uv": [9.875, 12.375, 9.625, 11.375], "texture": "#0"},
				"down": {"uv": [10.125, 11.375, 9.875, 12.375], "texture": "#0"}
			}
		},
		{
			"from": [15, 22.25, 3.8],
			"to": [17, 28.25, 14.8],
			"rotation": {"angle": 0, "axis": "y", "origin": [16, 26, 3.4]},
			"faces": {
				"north": {"uv": [2, 12, 2.25, 12.75], "texture": "#0"},
				"east": {"uv": [4.125, 4.125, 5.5, 4.875], "texture": "#0"},
				"south": {"uv": [2.25, 12, 2.5, 12.75], "texture": "#0"},
				"west": {"uv": [4.125, 2.75, 5.5, 3.5], "texture": "#0"},
				"up": {"uv": [9.125, 12, 8.875, 10.625], "texture": "#0"},
				"down": {"uv": [9.375, 10.625, 9.125, 12], "texture": "#0"}
			}
		},
		{
			"from": [-1, 22.25, 3.8],
			"to": [1, 28.25, 14.8],
			"rotation": {"angle": 0, "axis": "y", "origin": [0, 26, 3.4]},
			"faces": {
				"north": {"uv": [3.375, 12, 3.625, 12.75], "texture": "#0"},
				"east": {"uv": [4.25, 0, 5.625, 0.75], "texture": "#0"},
				"south": {"uv": [6.875, 12, 7.125, 12.75], "texture": "#0"},
				"west": {"uv": [4.25, 0.75, 5.625, 1.5], "texture": "#0"},
				"up": {"uv": [1.75, 12.125, 1.5, 10.75], "texture": "#0"},
				"down": {"uv": [2, 10.75, 1.75, 12.125], "texture": "#0"}
			}
		},
		{
			"from": [15, 22.25, 5.8],
			"to": [16, 29.25, 13.8],
			"rotation": {"angle": 0, "axis": "y", "origin": [16, 26, 3.4]},
			"faces": {
				"north": {"uv": [2.875, 6.25, 3, 7.125], "texture": "#0"},
				"east": {"uv": [0, 5.375, 1, 6.25], "texture": "#0"},
				"south": {"uv": [6.75, 2, 6.875, 2.875], "texture": "#0"},
				"west": {"uv": [1, 5.375, 2, 6.25], "texture": "#0"},
				"up": {"uv": [1.125, 13.875, 1, 12.875], "texture": "#0"},
				"down": {"uv": [13.25, 10.75, 13.125, 11.75], "texture": "#0"}
			}
		},
		{
			"from": [0, 22.25, 5.8],
			"to": [1, 29.25, 13.8],
			"rotation": {"angle": 0, "axis": "y", "origin": [0, 26, 3.4]},
			"faces": {
				"north": {"uv": [6.625, 8.5, 6.75, 9.375], "texture": "#0"},
				"east": {"uv": [2, 5.375, 3, 6.25], "texture": "#0"},
				"south": {"uv": [4.875, 13.25, 5, 14.125], "texture": "#0"},
				"west": {"uv": [5.5, 2, 6.5, 2.875], "texture": "#0"},
				"up": {"uv": [4.25, 14.25, 4.125, 13.25], "texture": "#0"},
				"down": {"uv": [4.375, 13.25, 4.25, 14.25], "texture": "#0"}
			}
		},
		{
			"from": [10.25, 16.3, 17.65],
			"to": [15.7, 27.05, 18.4],
			"rotation": {"angle": 22.5, "axis": "y", "origin": [11.65, 17.05, 17.15]},
			"faces": {
				"north": {"uv": [5.625, 0, 6.25, 1.375], "texture": "#0"},
				"east": {"uv": [1, 11.5, 1.125, 12.875], "texture": "#0"},
				"south": {"uv": [3, 5.75, 3.625, 7.125], "texture": "#0"},
				"west": {"uv": [2.5, 11.5, 2.625, 12.875], "texture": "#0"},
				"up": {"uv": [5.5, 4.125, 4.875, 4], "texture": "#0"},
				"down": {"uv": [6.25, 1.375, 5.625, 1.5], "texture": "#0"}
			}
		},
		{
			"from": [0.3, 16.3, 17.65],
			"to": [5.75, 27.05, 18.4],
			"rotation": {"angle": -22.5, "axis": "y", "origin": [4.35, 17.05, 17.15]},
			"faces": {
				"north": {"uv": [3.625, 5.875, 4.25, 7.25], "texture": "#0"},
				"east": {"uv": [8.125, 11.5, 8.25, 12.875], "texture": "#0"},
				"south": {"uv": [4.25, 5.875, 4.875, 7.25], "texture": "#0"},
				"west": {"uv": [8.75, 11.75, 8.875, 13.125], "texture": "#0"},
				"up": {"uv": [8.125, 1.375, 7.5, 1.25], "texture": "#0"},
				"down": {"uv": [7.75, 10.375, 7.125, 10.5], "texture": "#0"}
			}
		},
		{
			"from": [12, 6.75, 9],
			"to": [14, 12.75, 11],
			"rotation": {"angle": 0, "axis": "y", "origin": [15, 10.75, 13]},
			"faces": {
				"north": {"uv": [2.5, 1, 2.75, 1.75], "texture": "#0"},
				"east": {"uv": [3, 4, 3.25, 4.75], "texture": "#0"},
				"south": {"uv": [5.25, 2, 5.5, 2.75], "texture": "#0"},
				"west": {"uv": [1.75, 8.75, 2, 9.5], "texture": "#0"},
				"up": {"uv": [5.25, 2.75, 5, 2.5], "texture": "#0"},
				"down": {"uv": [2.875, 8.25, 2.625, 8.5], "texture": "#0"}
			}
		},
		{
			"from": [2, 6.75, 9],
			"to": [4, 12.75, 11],
			"rotation": {"angle": 0, "axis": "y", "origin": [5, 10.75, 13]},
			"faces": {
				"north": {"uv": [10.875, 11.5, 11.125, 12.25], "texture": "#0"},
				"east": {"uv": [11.125, 11.5, 11.375, 12.25], "texture": "#0"},
				"south": {"uv": [11.5, 6.625, 11.75, 7.375], "texture": "#0"},
				"west": {"uv": [11.5, 8.25, 11.75, 9], "texture": "#0"},
				"up": {"uv": [13.5, 11.625, 13.25, 11.375], "texture": "#0"},
				"down": {"uv": [13.5, 12, 13.25, 12.25], "texture": "#0"}
			}
		},
		{
			"from": [12, 6.75, 6],
			"to": [14, 12.75, 8],
			"rotation": {"angle": 0, "axis": "y", "origin": [15, 10.75, 15]},
			"faces": {
				"north": {"uv": [6.375, 9.625, 6.625, 10.375], "texture": "#0"},
				"east": {"uv": [5.5, 9.75, 5.75, 10.5], "texture": "#0"},
				"south": {"uv": [10.625, 11.375, 10.875, 12.125], "texture": "#0"},
				"west": {"uv": [7.875, 11.5, 8.125, 12.25], "texture": "#0"},
				"up": {"uv": [9.125, 7, 8.875, 6.75], "texture": "#0"},
				"down": {"uv": [13.5, 11.125, 13.25, 11.375], "texture": "#0"}
			}
		},
		{
			"from": [2, 6.75, 6],
			"to": [4, 12.75, 8],
			"rotation": {"angle": 0, "axis": "y", "origin": [5, 10.75, 15]},
			"faces": {
				"north": {"uv": [11.5, 9, 11.75, 9.75], "texture": "#0"},
				"east": {"uv": [0, 11.625, 0.25, 12.375], "texture": "#0"},
				"south": {"uv": [0.25, 11.625, 0.5, 12.375], "texture": "#0"},
				"west": {"uv": [11.625, 0, 11.875, 0.75], "texture": "#0"},
				"up": {"uv": [13.5, 12.5, 13.25, 12.25], "texture": "#0"},
				"down": {"uv": [0.75, 13.375, 0.5, 13.625], "texture": "#0"}
			}
		},
		{
			"from": [-3, -11, 11.35],
			"to": [3, -8.375, 20],
			"rotation": {"angle": 22.5, "axis": "x", "origin": [2.5, 9, 16]},
			"faces": {
				"north": {"uv": [3.5, 2.375, 2.75, 2.75], "texture": "#0"},
				"east": {"uv": [10.625, 3.875, 9.5, 4.25], "texture": "#0"},
				"south": {"uv": [7, 1.125, 6.25, 1.5], "texture": "#0"},
				"west": {"uv": [10.625, 3.5, 9.5, 3.875], "texture": "#0"},
				"up": {"uv": [0.625, 7.375, 1.375, 6.25], "texture": "#0"},
				"down": {"uv": [1.375, 6.25, 2.125, 7.375], "texture": "#0"}
			}
		},
		{
			"from": [-1.9, -8.01671, 8.97069],
			"to": [1.9, 2.98329, 12.97069],
			"rotation": {"angle": 0, "axis": "x", "origin": [2.5, 9, 3]},
			"faces": {
				"north": {"uv": [7.25, 6.75, 6.75, 8.125], "texture": "#0"},
				"east": {"uv": [3.375, 7.125, 2.875, 8.5], "texture": "#0"},
				"south": {"uv": [7.5, 0, 7, 1.375], "texture": "#0"},
				"west": {"uv": [7.375, 2, 6.875, 3.375], "texture": "#0"},
				"up": {"uv": [11.25, 6.625, 11.75, 6.125], "texture": "#0"},
				"down": {"uv": [11.25, 10, 11.75, 10.5], "texture": "#0"}
			}
		},
		{
			"from": [-2.15, -8.01671, 9.97069],
			"to": [2.15, 2.98329, 11.97069],
			"rotation": {"angle": 0, "axis": "x", "origin": [2.5, 9, 3]},
			"faces": {
				"north": {"uv": [3.875, 7.25, 3.375, 8.625], "texture": "#0"},
				"east": {"uv": [4.625, 10.75, 4.375, 12.125], "texture": "#0"},
				"south": {"uv": [4.375, 7.25, 3.875, 8.625], "texture": "#0"},
				"west": {"uv": [4.375, 10.75, 4.125, 12.125], "texture": "#0"},
				"up": {"uv": [13, 8.75, 13.5, 8.5], "texture": "#0"},
				"down": {"uv": [13.125, 1.25, 13.625, 1.5], "texture": "#0"}
			}
		},
		{
			"from": [-2.25, -0.9081, 1.27111],
			"to": [2.25, 4.0919, 12.27111],
			"rotation": {"angle": 0, "axis": "x", "origin": [2.5, 9, 3]},
			"faces": {
				"north": {"uv": [10.25, 0.375, 9.625, 1], "texture": "#0"},
				"east": {"uv": [6.875, 4, 5.5, 4.625], "texture": "#0"},
				"south": {"uv": [10.25, 6.75, 9.625, 7.375], "texture": "#0"},
				"west": {"uv": [6.875, 2.875, 5.5, 3.5], "texture": "#0"},
				"up": {"uv": [4.875, 7.375, 5.5, 6], "texture": "#0"},
				"down": {"uv": [5.5, 6, 6.125, 7.375], "texture": "#0"}
			}
		},
		{
			"from": [-2.5, 4.85365, 2.4136],
			"to": [2.5, 9.85365, 9.9136],
			"rotation": {"angle": -22.5, "axis": "x", "origin": [2.5, 8, 9]},
			"faces": {
				"north": {"uv": [3.625, 9.75, 4.25, 10.375], "rotation": 180, "texture": "#0"},
				"east": {"uv": [0, 8.625, 0.625, 7.625], "rotation": 90, "texture": "#0"},
				"south": {"uv": [3, 10.375, 3.625, 9.75], "texture": "#0"},
				"west": {"uv": [6.125, 8.5, 6.75, 7.5], "rotation": 270, "texture": "#0"},
				"up": {"uv": [8, 2.25, 7.375, 3.25], "rotation": 180, "texture": "#0"},
				"down": {"uv": [8.125, 0, 7.5, 1], "texture": "#0"}
			}
		},
		{
			"from": [-2, 3.60365, 0.4136],
			"to": [2, 8.60365, 8.4136],
			"rotation": {"angle": -22.5, "axis": "x", "origin": [2.5, 8, 9]},
			"faces": {
				"north": {"uv": [10.625, 3.5, 11.125, 4.125], "rotation": 180, "texture": "#0"},
				"east": {"uv": [7.75, 8.75, 8.375, 7.75], "rotation": 90, "texture": "#0"},
				"south": {"uv": [0, 10.375, 0.5, 9.75], "texture": "#0"},
				"west": {"uv": [7.625, 4.25, 8.25, 3.25], "rotation": 270, "texture": "#0"},
				"up": {"uv": [9.625, 6.75, 9.125, 7.75], "rotation": 180, "texture": "#0"},
				"down": {"uv": [7.125, 9.375, 6.625, 10.375], "texture": "#0"}
			}
		},
		{
			"from": [-2.5, 0.56157, 9.17276],
			"to": [2.5, 2.56157, 11.17276],
			"rotation": {"angle": 0, "axis": "x", "origin": [2.5, 9, 3]},
			"faces": {
				"north": {"uv": [12.75, 3.125, 12.125, 3.375], "texture": "#0"},
				"east": {"uv": [8.125, 13.625, 7.875, 13.875], "texture": "#0"},
				"south": {"uv": [12.75, 11, 12.125, 11.25], "texture": "#0"},
				"west": {"uv": [7.875, 13.625, 7.625, 13.875], "texture": "#0"},
				"up": {"uv": [12.125, 12, 12.75, 11.75], "texture": "#0"},
				"down": {"uv": [12.25, 7.5, 12.875, 7.75], "texture": "#0"}
			}
		},
		{
			"from": [-2.5, -3.34404, 15.62957],
			"to": [2.5, -1.34404, 17.62957],
			"rotation": {"angle": 22.5, "axis": "x", "origin": [2.5, 9, 3]},
			"faces": {
				"north": {"uv": [12.375, 12.625, 13, 12.375], "rotation": 180, "texture": "#0"},
				"east": {"uv": [8.625, 13.875, 8.875, 13.625], "rotation": 270, "texture": "#0"},
				"south": {"uv": [12.375, 0.75, 13, 1], "texture": "#0"},
				"west": {"uv": [8.375, 13.875, 8.625, 13.625], "rotation": 90, "texture": "#0"},
				"up": {"uv": [10, 12.375, 9.375, 12.625], "texture": "#0"},
				"down": {"uv": [6.75, 12.375, 6.125, 12.625], "rotation": 180, "texture": "#0"}
			}
		},
		{
			"from": [-2.75, 4.30885, 6.06365],
			"to": [2.75, 6.30885, 8.06365],
			"rotation": {"angle": 0, "axis": "x", "origin": [2.5, 8, 9]},
			"faces": {
				"north": {"uv": [12.625, 10.75, 11.875, 11], "texture": "#0"},
				"east": {"uv": [9.375, 13.625, 9.125, 13.875], "texture": "#0"},
				"south": {"uv": [12.625, 11.25, 11.875, 11.5], "texture": "#0"},
				"west": {"uv": [9.125, 13.625, 8.875, 13.875], "texture": "#0"},
				"up": {"uv": [11.875, 11.75, 12.625, 11.5], "texture": "#0"},
				"down": {"uv": [7.125, 12, 7.875, 12.25], "texture": "#0"}
			}
		},
		{
			"from": [-3, -11, 9.85],
			"to": [3, -9.875, 11.8],
			"rotation": {"angle": 22.5, "axis": "x", "origin": [2.5, 9, 16]},
			"faces": {
				"north": {"uv": [9.5, 1.875, 8.75, 2], "texture": "#0"},
				"east": {"uv": [6, 4.875, 5.75, 5], "texture": "#0"},
				"south": {"uv": [13.875, 13, 13.125, 13.125], "texture": "#0"},
				"west": {"uv": [3.875, 5.75, 3.625, 5.875], "texture": "#0"},
				"up": {"uv": [12, 6.25, 12.75, 6], "texture": "#0"},
				"down": {"uv": [12, 6.25, 12.75, 6.5], "texture": "#0"}
			}
		},
		{
			"from": [-3, -1.45556, -1.6917],
			"to": [3, -0.00556, 0.4083],
			"rotation": {"angle": -22.5, "axis": "x", "origin": [2.5, 9, 16]},
			"faces": {
				"north": {"uv": [14, 1.875, 13.25, 2], "texture": "#0"},
				"east": {"uv": [3.375, 7.25, 3.625, 7.125], "rotation": 180, "texture": "#0"},
				"south": {"uv": [14, 7.375, 13.25, 7.5], "texture": "#0"},
				"west": {"uv": [6.875, 4.625, 7.125, 4.5], "rotation": 180, "texture": "#0"},
				"up": {"uv": [12, 6.75, 12.75, 6.5], "texture": "#0"},
				"down": {"uv": [12, 6.75, 12.75, 7], "texture": "#0"}
			}
		},
		{
			"from": [13, -12, 11.35],
			"to": [19, -9.375, 20],
			"rotation": {"angle": 0, "axis": "x", "origin": [13.5, 8, 16]},
			"faces": {
				"north": {"uv": [9.25, 4.875, 8.5, 5.25], "texture": "#0"},
				"east": {"uv": [10.75, 0, 9.625, 0.375], "texture": "#0"},
				"south": {"uv": [11.375, 8.875, 10.625, 9.25], "texture": "#0"},
				"west": {"uv": [10.625, 8.875, 9.5, 9.25], "texture": "#0"},
				"up": {"uv": [2.125, 7.375, 2.875, 6.25], "texture": "#0"},
				"down": {"uv": [6.25, 0, 7, 1.125], "texture": "#0"}
			}
		},
		{
			"from": [14.1, -10.01671, 14.97069],
			"to": [17.9, 0.98329, 18.97069],
			"rotation": {"angle": 0, "axis": "x", "origin": [13.5, 7, 9]},
			"faces": {
				"north": {"uv": [4.875, 7.25, 4.375, 8.625], "texture": "#0"},
				"east": {"uv": [1.125, 7.375, 0.625, 8.75], "texture": "#0"},
				"south": {"uv": [7.75, 5.875, 7.25, 7.25], "texture": "#0"},
				"west": {"uv": [7.75, 7.25, 7.25, 8.625], "texture": "#0"},
				"up": {"uv": [10.125, 11.875, 10.625, 11.375], "texture": "#0"},
				"down": {"uv": [11.375, 11.375, 11.875, 11.875], "texture": "#0"}
			}
		},
		{
			"from": [13.85, -10.01671, 15.97069],
			"to": [18.15, 0.98329, 17.97069],
			"rotation": {"angle": 0, "axis": "x", "origin": [13.5, 7, 9]},
			"faces": {
				"north": {"uv": [1.625, 7.375, 1.125, 8.75], "texture": "#0"},
				"east": {"uv": [5.125, 10.75, 4.875, 12.125], "texture": "#0"},
				"south": {"uv": [2.125, 7.375, 1.625, 8.75], "texture": "#0"},
				"west": {"uv": [4.875, 10.75, 4.625, 12.125], "texture": "#0"},
				"up": {"uv": [13.125, 12, 13.625, 11.75], "texture": "#0"},
				"down": {"uv": [4.375, 13.25, 4.875, 13.5], "texture": "#0"}
			}
		},
		{
			"from": [13.75, -2.9081, 7.27111],
			"to": [18.25, 2.0919, 18.27111],
			"rotation": {"angle": 0, "axis": "x", "origin": [13.5, 7, 9]},
			"faces": {
				"north": {"uv": [7.75, 9.75, 7.125, 10.375], "texture": "#0"},
				"east": {"uv": [7.375, 5.25, 6, 5.875], "texture": "#0"},
				"south": {"uv": [8.875, 9.75, 8.25, 10.375], "texture": "#0"},
				"west": {"uv": [7.375, 4.625, 6, 5.25], "texture": "#0"},
				"up": {"uv": [6.125, 7.5, 6.75, 6.125], "texture": "#0"},
				"down": {"uv": [0, 6.25, 0.625, 7.625], "texture": "#0"}
			}
		},
		{
			"from": [13.5, 1.4136, 7.14635],
			"to": [18.5, 8.9136, 12.14635],
			"rotation": {"angle": 22.5, "axis": "x", "origin": [13.5, 8, 9]},
			"faces": {
				"north": {"uv": [8.375, 5.5, 7.75, 6.5], "texture": "#0"},
				"east": {"uv": [8.625, 2.25, 8, 3.25], "texture": "#0"},
				"south": {"uv": [8.5, 4.25, 7.875, 5.25], "texture": "#0"},
				"west": {"uv": [8.375, 6.5, 7.75, 7.5], "texture": "#0"},
				"up": {"uv": [9.875, 4.875, 10.5, 4.25], "texture": "#0"},
				"down": {"uv": [9.875, 4.875, 10.5, 5.5], "texture": "#0"}
			}
		},
		{
			"from": [14, -0.5864, 8.39635],
			"to": [18, 7.4136, 13.39635],
			"rotation": {"angle": 22.5, "axis": "x", "origin": [13.5, 8, 9]},
			"faces": {
				"north": {"uv": [9.875, 4.25, 9.375, 5.25], "texture": "#0"},
				"east": {"uv": [8.75, 1, 8.125, 2], "texture": "#0"},
				"south": {"uv": [9.875, 5.75, 9.375, 6.75], "texture": "#0"},
				"west": {"uv": [8.75, 0, 8.125, 1], "texture": "#0"},
				"up": {"uv": [9.375, 11.375, 9.875, 10.75], "texture": "#0"},
				"down": {"uv": [9.875, 10.75, 10.375, 11.375], "texture": "#0"}
			}
		},
		{
			"from": [13.5, -1.43843, 15.17276],
			"to": [18.5, 0.56157, 17.17276],
			"rotation": {"angle": 0, "axis": "x", "origin": [13.5, 7, 9]},
			"faces": {
				"north": {"uv": [13, 3.375, 12.375, 3.625], "texture": "#0"},
				"east": {"uv": [9.875, 13.625, 9.625, 13.875], "texture": "#0"},
				"south": {"uv": [13, 3.625, 12.375, 3.875], "texture": "#0"},
				"west": {"uv": [9.625, 13.625, 9.375, 13.875], "texture": "#0"},
				"up": {"uv": [12.375, 4.125, 13, 3.875], "texture": "#0"},
				"down": {"uv": [12.375, 4.125, 13, 4.375], "texture": "#0"}
			}
		},
		{
			"from": [13.5, -5.34404, 21.62957],
			"to": [18.5, -3.34404, 23.62957],
			"rotation": {"angle": 22.5, "axis": "x", "origin": [13.5, 7, 9]},
			"faces": {
				"north": {"uv": [13, 4.375, 12.375, 4.625], "texture": "#0"},
				"east": {"uv": [10.75, 13.625, 10.5, 13.875], "texture": "#0"},
				"south": {"uv": [13, 12, 12.375, 12.25], "texture": "#0"},
				"west": {"uv": [10.125, 13.625, 9.875, 13.875], "texture": "#0"},
				"up": {"uv": [12.5, 1.5, 13.125, 1.25], "texture": "#0"},
				"down": {"uv": [12.5, 2, 13.125, 2.25], "texture": "#0"}
			}
		},
		{
			"from": [13.25, 4.30885, 6.06365],
			"to": [18.75, 6.30885, 8.06365],
			"rotation": {"angle": -45, "axis": "x", "origin": [13.5, 8, 9]},
			"faces": {
				"north": {"uv": [12.75, 7, 12, 7.25], "texture": "#0"},
				"east": {"uv": [11.25, 13.625, 11, 13.875], "texture": "#0"},
				"south": {"uv": [12.75, 7.25, 12, 7.5], "texture": "#0"},
				"west": {"uv": [11, 13.625, 10.75, 13.875], "texture": "#0"},
				"up": {"uv": [12, 8.5, 12.75, 8.25], "texture": "#0"},
				"down": {"uv": [12, 8.5, 12.75, 8.75], "texture": "#0"}
			}
		},
		{
			"from": [13, -12, 9.85],
			"to": [19, -10.875, 11.8],
			"rotation": {"angle": 0, "axis": "x", "origin": [13.5, 8, 16]},
			"faces": {
				"north": {"uv": [14, 8.375, 13.25, 8.5], "texture": "#0"},
				"east": {"uv": [7.625, 3.25, 7.375, 3.375], "texture": "#0"},
				"south": {"uv": [14, 10.75, 13.25, 10.875], "texture": "#0"},
				"west": {"uv": [7.375, 4.5, 7.125, 4.625], "texture": "#0"},
				"up": {"uv": [12, 9, 12.75, 8.75], "texture": "#0"},
				"down": {"uv": [12, 9, 12.75, 9.25], "texture": "#0"}
			}
		},
		{
			"from": [13, -9.6917, 25.00556],
			"to": [19, -7.5917, 26.45556],
			"rotation": {"angle": 45, "axis": "x", "origin": [13.5, 8, 16]},
			"faces": {
				"north": {"uv": [12.75, 9.25, 12, 9.5], "texture": "#0"},
				"east": {"uv": [2.125, 9.25, 2, 9.5], "texture": "#0"},
				"south": {"uv": [12.75, 9.5, 12, 9.75], "texture": "#0"},
				"west": {"uv": [3.375, 4.5, 3.25, 4.75], "texture": "#0"},
				"up": {"uv": [13.25, 11, 14, 10.875], "texture": "#0"},
				"down": {"uv": [13.25, 11, 14, 11.125], "texture": "#0"}
			}
		},
		{
			"from": [13, 28.12868, 3.17132],
			"to": [15, 29.87868, 6.82132],
			"rotation": {"angle": -22.5, "axis": "x", "origin": [8, 30, 5.9]},
			"faces": {
				"north": {"uv": [13.375, 10.25, 13.625, 10.5], "texture": "#0"},
				"east": {"uv": [5.375, 12.75, 5.875, 13], "texture": "#0"},
				"south": {"uv": [13.375, 10.5, 13.625, 10.75], "texture": "#0"},
				"west": {"uv": [11.375, 12.75, 11.875, 13], "texture": "#0"},
				"up": {"uv": [5.125, 13.25, 4.875, 12.75], "texture": "#0"},
				"down": {"uv": [6.125, 12.75, 5.875, 13.25], "texture": "#0"}
			}
		},
		{
			"from": [11, 28.83579, 3.06421],
			"to": [13, 30.58579, 6.61421],
			"rotation": {"angle": -22.5, "axis": "x", "origin": [8, 30, 5.9]},
			"faces": {
				"north": {"uv": [13.375, 12.5, 13.625, 12.75], "texture": "#0"},
				"east": {"uv": [11.875, 12.75, 12.375, 13], "texture": "#0"},
				"south": {"uv": [13.375, 12.75, 13.625, 13], "texture": "#0"},
				"west": {"uv": [12.75, 3.125, 13.25, 3.375], "texture": "#0"},
				"up": {"uv": [7.125, 13.25, 6.875, 12.75], "texture": "#0"},
				"down": {"uv": [10.875, 12.75, 10.625, 13.25], "texture": "#0"}
			}
		},
		{
			"from": [5, 29.29289, 2.60711],
			"to": [11, 31.29289, 6.60711],
			"rotation": {"angle": -22.5, "axis": "x", "origin": [8, 30, 5.9]},
			"faces": {
				"north": {"uv": [11.875, 0.5, 12.625, 0.75], "texture": "#0"},
				"east": {"uv": [12.75, 6, 13.25, 6.25], "texture": "#0"},
				"south": {"uv": [11.875, 1, 12.625, 1.25], "texture": "#0"},
				"west": {"uv": [12.75, 6.25, 13.25, 6.5], "texture": "#0"},
				"up": {"uv": [3.75, 10.875, 3, 10.375], "texture": "#0"},
				"down": {"uv": [7.125, 10.375, 6.375, 10.875], "texture": "#0"}
			}
		},
		{
			"from": [3, 28.83579, 3.06421],
			"to": [5, 30.58579, 6.61421],
			"rotation": {"angle": -22.5, "axis": "x", "origin": [8, 30, 5.9]},
			"faces": {
				"north": {"uv": [13.375, 13.125, 13.625, 13.375], "texture": "#0"},
				"east": {"uv": [12.75, 6.5, 13.25, 6.75], "texture": "#0"},
				"south": {"uv": [0, 13.5, 0.25, 13.75], "texture": "#0"},
				"west": {"uv": [12.75, 6.75, 13.25, 7], "texture": "#0"},
				"up": {"uv": [13, 7.5, 12.75, 7], "texture": "#0"},
				"down": {"uv": [13, 8.25, 12.75, 8.75], "texture": "#0"}
			}
		},
		{
			"from": [1, 28.12868, 3.17132],
			"to": [3, 29.87868, 6.82132],
			"rotation": {"angle": -22.5, "axis": "x", "origin": [8, 30, 5.9]},
			"faces": {
				"north": {"uv": [0.25, 13.5, 0.5, 13.75], "texture": "#0"},
				"east": {"uv": [12.75, 8.75, 13.25, 9], "texture": "#0"},
				"south": {"uv": [2.875, 13.5, 3.125, 13.75], "texture": "#0"},
				"west": {"uv": [12.75, 9, 13.25, 9.25], "texture": "#0"},
				"up": {"uv": [13, 9.75, 12.75, 9.25], "texture": "#0"},
				"down": {"uv": [2.625, 12.875, 2.375, 13.375], "texture": "#0"}
			}
		},
		{
			"from": [1, 23.98906, 4.89137],
			"to": [3, 27.43906, 6.64137],
			"rotation": {"angle": 45, "axis": "x", "origin": [8, 30, 5.9]},
			"faces": {
				"north": {"uv": [13.25, 0.375, 13.5, 0.75], "texture": "#0"},
				"east": {"uv": [13.25, 1.5, 13.5, 1.875], "texture": "#0"},
				"south": {"uv": [13.25, 3, 13.5, 3.375], "texture": "#0"},
				"west": {"uv": [13.25, 3.375, 13.5, 3.75], "texture": "#0"},
				"up": {"uv": [3.375, 13.75, 3.125, 13.5], "texture": "#0"},
				"down": {"uv": [3.875, 13.5, 3.625, 13.75], "texture": "#0"}
			}
		},
		{
			"from": [3, 23.78195, 4.18427],
			"to": [5, 27.53195, 5.93427],
			"rotation": {"angle": 45, "axis": "x", "origin": [8, 30, 5.9]},
			"faces": {
				"north": {"uv": [7.125, 12.875, 7.375, 13.375], "texture": "#0"},
				"east": {"uv": [7.375, 12.875, 7.625, 13.375], "texture": "#0"},
				"south": {"uv": [7.625, 12.875, 7.875, 13.375], "texture": "#0"},
				"west": {"uv": [7.875, 12.875, 8.125, 13.375], "texture": "#0"},
				"up": {"uv": [4.625, 13.75, 4.375, 13.5], "texture": "#0"},
				"down": {"uv": [4.875, 13.5, 4.625, 13.75], "texture": "#0"}
			}
		},
		{
			"from": [5, 23.42485, 3.47716],
			"to": [11, 27.42485, 5.47716],
			"rotation": {"angle": 45, "axis": "x", "origin": [8, 30, 5.9]},
			"faces": {
				"north": {"uv": [10.375, 0.875, 11.125, 1.375], "texture": "#0"},
				"east": {"uv": [8.875, 12.875, 9.125, 13.375], "texture": "#0"},
				"south": {"uv": [0, 10.5, 0.75, 11], "texture": "#0"},
				"west": {"uv": [9.125, 12.875, 9.375, 13.375], "texture": "#0"},
				"up": {"uv": [12.625, 1.75, 11.875, 1.5], "texture": "#0"},
				"down": {"uv": [12.625, 1.75, 11.875, 2], "texture": "#0"}
			}
		},
		{
			"from": [11, 23.78195, 4.18427],
			"to": [13, 27.53195, 5.93427],
			"rotation": {"angle": 45, "axis": "x", "origin": [8, 30, 5.9]},
			"faces": {
				"north": {"uv": [9.375, 12.875, 9.625, 13.375], "texture": "#0"},
				"east": {"uv": [9.625, 12.875, 9.875, 13.375], "texture": "#0"},
				"south": {"uv": [9.875, 12.875, 10.125, 13.375], "texture": "#0"},
				"west": {"uv": [10.875, 12.875, 11.125, 13.375], "texture": "#0"},
				"up": {"uv": [5.5, 13.75, 5.25, 13.5], "texture": "#0"},
				"down": {"uv": [5.75, 13.5, 5.5, 13.75], "texture": "#0"}
			}
		},
		{
			"from": [13, 23.98906, 4.89137],
			"to": [15, 27.43906, 6.64137],
			"rotation": {"angle": 45, "axis": "x", "origin": [8, 30, 5.9]},
			"faces": {
				"north": {"uv": [13.25, 3.75, 13.5, 4.125], "texture": "#0"},
				"east": {"uv": [13.25, 5.875, 13.5, 6.25], "texture": "#0"},
				"south": {"uv": [13.25, 6.25, 13.5, 6.625], "texture": "#0"},
				"west": {"uv": [13.25, 6.625, 13.5, 7], "texture": "#0"},
				"up": {"uv": [6, 13.75, 5.75, 13.5], "texture": "#0"},
				"down": {"uv": [6.25, 13.5, 6, 13.75], "texture": "#0"}
			}
		},
		{
			"from": [13, 20.57132, 2.62132],
			"to": [15, 24.72132, 4.37132],
			"rotation": {"angle": 22.5, "axis": "x", "origin": [8, 30, 5.9]},
			"faces": {
				"north": {"uv": [12.875, 2.5, 13.125, 3], "texture": "#0"},
				"east": {"uv": [12.875, 5.5, 13.125, 6], "texture": "#0"},
				"south": {"uv": [12.875, 7.5, 13.125, 8], "texture": "#0"},
				"west": {"uv": [12.875, 10.5, 13.125, 11], "texture": "#0"},
				"up": {"uv": [12.25, 13.75, 12, 13.5], "texture": "#0"},
				"down": {"uv": [13.75, 0, 13.5, 0.25], "texture": "#0"}
			}
		},
		{
			"from": [11, 19.96421, 1.91421],
			"to": [13, 24.81421, 3.66421],
			"rotation": {"angle": 22.5, "axis": "x", "origin": [8, 30, 5.9]},
			"faces": {
				"north": {"uv": [11.875, 12.125, 12.125, 12.75], "texture": "#0"},
				"east": {"uv": [12.125, 12.125, 12.375, 12.75], "texture": "#0"},
				"south": {"uv": [12.125, 4, 12.375, 4.625], "texture": "#0"},
				"west": {"uv": [7.125, 12.25, 7.375, 12.875], "texture": "#0"},
				"up": {"uv": [11.75, 13.75, 11.5, 13.5], "texture": "#0"},
				"down": {"uv": [12, 13.5, 11.75, 13.75], "texture": "#0"}
			}
		},
		{
			"from": [5, 19.50711, 1.20711],
			"to": [11, 24.80711, 3.20711],
			"rotation": {"angle": 22.5, "axis": "x", "origin": [8, 30, 5.9]},
			"faces": {
				"north": {"uv": [9.25, 7.75, 10, 8.375], "texture": "#0"},
				"east": {"uv": [11.375, 12.125, 11.625, 12.75], "texture": "#0"},
				"south": {"uv": [1.75, 9.5, 2.5, 10.125], "texture": "#0"},
				"west": {"uv": [11.625, 12.125, 11.875, 12.75], "texture": "#0"},
				"up": {"uv": [12.625, 2.875, 11.875, 2.625], "texture": "#0"},
				"down": {"uv": [12.625, 2.875, 11.875, 3.125], "texture": "#0"}
			}
		},
		{
			"from": [3, 19.96421, 1.91421],
			"to": [5, 24.81421, 3.66421],
			"rotation": {"angle": 22.5, "axis": "x", "origin": [8, 30, 5.9]},
			"faces": {
				"north": {"uv": [5.375, 12.125, 5.625, 12.75], "texture": "#0"},
				"east": {"uv": [5.625, 12.125, 5.875, 12.75], "texture": "#0"},
				"south": {"uv": [5.875, 12.125, 6.125, 12.75], "texture": "#0"},
				"west": {"uv": [10.625, 12.125, 10.875, 12.75], "texture": "#0"},
				"up": {"uv": [10.375, 13.75, 10.125, 13.5], "texture": "#0"},
				"down": {"uv": [11.5, 13.5, 11.25, 13.75], "texture": "#0"}
			}
		},
		{
			"from": [1, 20.57132, 2.62132],
			"to": [3, 24.72132, 4.37132],
			"rotation": {"angle": 22.5, "axis": "x", "origin": [8, 30, 5.9]},
			"faces": {
				"north": {"uv": [11.125, 12.875, 11.375, 13.375], "texture": "#0"},
				"east": {"uv": [12.375, 12.875, 12.625, 13.375], "texture": "#0"},
				"south": {"uv": [12.625, 12.875, 12.875, 13.375], "texture": "#0"},
				"west": {"uv": [12.875, 12.875, 13.125, 13.375], "texture": "#0"},
				"up": {"uv": [7, 13.75, 6.75, 13.5], "texture": "#0"},
				"down": {"uv": [8.375, 13.5, 8.125, 13.75], "texture": "#0"}
			}
		},
		{
			"from": [1, 18.27132, -0.97868],
			"to": [3, 22.57132, 0.77132],
			"rotation": {"angle": 0, "axis": "y", "origin": [8, 20, -1.1]},
			"faces": {
				"north": {"uv": [13, 3.375, 13.25, 3.875], "texture": "#0"},
				"east": {"uv": [13, 3.875, 13.25, 4.375], "texture": "#0"},
				"south": {"uv": [13, 7, 13.25, 7.5], "texture": "#0"},
				"west": {"uv": [13, 8, 13.25, 8.5], "texture": "#0"},
				"up": {"uv": [13.75, 3.75, 13.5, 3.5], "texture": "#0"},
				"down": {"uv": [13.75, 3.75, 13.5, 4], "texture": "#0"}
			}
		},
		{
			"from": [3, 18.16421, -1.68579],
			"to": [5, 22.41421, 0.06421],
			"rotation": {"angle": 0, "axis": "y", "origin": [8, 20, -1.1]},
			"faces": {
				"north": {"uv": [11.375, 13, 11.625, 13.5], "texture": "#0"},
				"east": {"uv": [11.625, 13, 11.875, 13.5], "texture": "#0"},
				"south": {"uv": [11.875, 13, 12.125, 13.5], "texture": "#0"},
				"west": {"uv": [12.125, 13, 12.375, 13.5], "texture": "#0"},
				"up": {"uv": [13.75, 3.25, 13.5, 3], "texture": "#0"},
				"down": {"uv": [13.75, 3.25, 13.5, 3.5], "texture": "#0"}
			}
		},
		{
			"from": [5, 17.70711, -2.39289],
			"to": [11, 22.15711, -0.39289],
			"rotation": {"angle": 0, "axis": "y", "origin": [8, 20, -1.1]},
			"faces": {
				"north": {"uv": [0.75, 10.5, 1.5, 11], "texture": "#0"},
				"east": {"uv": [5.625, 13, 5.875, 13.5], "texture": "#0"},
				"south": {"uv": [2.125, 10.5, 2.875, 11], "texture": "#0"},
				"west": {"uv": [8.125, 13, 8.375, 13.5], "texture": "#0"},
				"up": {"uv": [12.625, 5, 11.875, 4.75], "texture": "#0"},
				"down": {"uv": [12.625, 5.5, 11.875, 5.75], "texture": "#0"}
			}
		},
		{
			"from": [11, 18.16421, -1.68579],
			"to": [13, 22.41421, 0.06421],
			"rotation": {"angle": 0, "axis": "y", "origin": [8, 20, -1.1]},
			"faces": {
				"north": {"uv": [2.875, 13, 3.125, 13.5], "texture": "#0"},
				"east": {"uv": [3.125, 13, 3.375, 13.5], "texture": "#0"},
				"south": {"uv": [3.625, 13, 3.875, 13.5], "texture": "#0"},
				"west": {"uv": [5.375, 13, 5.625, 13.5], "texture": "#0"},
				"up": {"uv": [13.75, 1, 13.5, 0.75], "texture": "#0"},
				"down": {"uv": [13.75, 1.5, 13.5, 1.75], "texture": "#0"}
			}
		},
		{
			"from": [13, 18.27132, -0.97868],
			"to": [15, 22.57132, 0.77132],
			"rotation": {"angle": 0, "axis": "y", "origin": [8, 20, -1.1]},
			"faces": {
				"north": {"uv": [12.875, 11, 13.125, 11.5], "texture": "#0"},
				"east": {"uv": [12.875, 11.5, 13.125, 12], "texture": "#0"},
				"south": {"uv": [0, 13, 0.25, 13.5], "texture": "#0"},
				"west": {"uv": [0.25, 13, 0.5, 13.5], "texture": "#0"},
				"up": {"uv": [13.75, 0.5, 13.5, 0.25], "texture": "#0"},
				"down": {"uv": [13.75, 0.5, 13.5, 0.75], "texture": "#0"}
			}
		},
		{
			"from": [1, 13.98906, -2.10863],
			"to": [3, 18.43906, -0.35863],
			"rotation": {"angle": -22.5, "axis": "x", "origin": [8, 20, -1.1]},
			"faces": {
				"north": {"uv": [13, 9.25, 13.25, 9.75], "texture": "#0"},
				"east": {"uv": [13, 12, 13.25, 12.5], "texture": "#0"},
				"south": {"uv": [8.375, 13.125, 8.625, 13.625], "texture": "#0"},
				"west": {"uv": [8.625, 13.125, 8.875, 13.625], "texture": "#0"},
				"up": {"uv": [13.75, 4.625, 13.5, 4.375], "texture": "#0"},
				"down": {"uv": [13.75, 5.875, 13.5, 6.125], "texture": "#0"}
			}
		},
		{
			"from": [3, 13.78195, -2.81573],
			"to": [5, 18.53195, -1.06573],
			"rotation": {"angle": -22.5, "axis": "x", "origin": [8, 20, -1.1]},
			"faces": {
				"north": {"uv": [7.375, 12.25, 7.625, 12.875], "texture": "#0"},
				"east": {"uv": [7.625, 12.25, 7.875, 12.875], "texture": "#0"},
				"south": {"uv": [7.875, 12.25, 8.125, 12.875], "texture": "#0"},
				"west": {"uv": [10.875, 12.25, 11.125, 12.875], "texture": "#0"},
				"up": {"uv": [13.75, 6.375, 13.5, 6.125], "texture": "#0"},
				"down": {"uv": [13.75, 6.375, 13.5, 6.625], "texture": "#0"}
			}
		},
		{
			"from": [5, 13.42485, -3.52284],
			"to": [11, 18.42485, -1.52284],
			"rotation": {"angle": -22.5, "axis": "x", "origin": [8, 20, -1.1]},
			"faces": {
				"north": {"uv": [4.625, 9.5, 5.375, 10.125], "texture": "#0"},
				"east": {"uv": [11.125, 12.25, 11.375, 12.875], "texture": "#0"},
				"south": {"uv": [9.5, 9.5, 10.25, 10.125], "texture": "#0"},
				"west": {"uv": [12.25, 2, 12.5, 2.625], "texture": "#0"},
				"up": {"uv": [12.625, 6, 11.875, 5.75], "texture": "#0"},
				"down": {"uv": [12.625, 7.75, 11.875, 8], "texture": "#0"}
			}
		},
		{
			"from": [11, 13.78195, -2.81573],
			"to": [13, 18.53195, -1.06573],
			"rotation": {"angle": -22.5, "axis": "x", "origin": [8, 20, -1.1]},
			"faces": {
				"north": {"uv": [12.25, 9.75, 12.5, 10.375], "texture": "#0"},
				"east": {"uv": [0, 12.375, 0.25, 13], "texture": "#0"},
				"south": {"uv": [0.25, 12.375, 0.5, 13], "texture": "#0"},
				"west": {"uv": [2.875, 12.375, 3.125, 13], "texture": "#0"},
				"up": {"uv": [13.75, 6.875, 13.5, 6.625], "texture": "#0"},
				"down": {"uv": [13.75, 6.875, 13.5, 7.125], "texture": "#0"}
			}
		},
		{
			"from": [13, 13.98906, -2.10863],
			"to": [15, 18.43906, -0.35863],
			"rotation": {"angle": -22.5, "axis": "x", "origin": [8, 20, -1.1]},
			"faces": {
				"north": {"uv": [13.125, 13.125, 13.375, 13.625], "texture": "#0"},
				"east": {"uv": [13.125, 2, 13.375, 2.5], "texture": "#0"},
				"south": {"uv": [13.125, 2.5, 13.375, 3], "texture": "#0"},
				"west": {"uv": [13.125, 4.875, 13.375, 5.375], "texture": "#0"},
				"up": {"uv": [13.75, 7.375, 13.5, 7.125], "texture": "#0"},
				"down": {"uv": [13.75, 8, 13.5, 8.25], "texture": "#0"}
			}
		},
		{
			"from": [1, 15.72132, 1.92868],
			"to": [3, 17.47132, 4.27868],
			"rotation": {"angle": 22.5, "axis": "x", "origin": [8, 19, -2.85]},
			"faces": {
				"north": {"uv": [13.5, 8.5, 13.75, 8.75], "texture": "#0"},
				"east": {"uv": [13.5, 9, 13.75, 9.25], "texture": "#0"},
				"south": {"uv": [13.5, 9.25, 13.75, 9.5], "texture": "#0"},
				"west": {"uv": [13.5, 9.5, 13.75, 9.75], "texture": "#0"},
				"up": {"uv": [13.75, 11.375, 13.5, 11.125], "texture": "#0"},
				"down": {"uv": [13.75, 11.375, 13.5, 11.625], "texture": "#0"}
			}
		},
		{
			"from": [3, 15.01421, 1.63579],
			"to": [5, 16.76421, 4.88579],
			"rotation": {"angle": 22.5, "axis": "x", "origin": [8, 19, -2.85]},
			"faces": {
				"north": {"uv": [13.5, 12, 13.75, 12.25], "texture": "#0"},
				"east": {"uv": [13.25, 1, 13.625, 1.25], "texture": "#0"},
				"south": {"uv": [13.5, 12.25, 13.75, 12.5], "texture": "#0"},
				"west": {"uv": [13.25, 4.125, 13.625, 4.375], "texture": "#0"},
				"up": {"uv": [13.5, 7.375, 13.25, 7], "texture": "#0"},
				"down": {"uv": [13.5, 8, 13.25, 8.375], "texture": "#0"}
			}
		},
		{
			"from": [5, 14.30711, 1.44289],
			"to": [11, 16.30711, 5.34289],
			"rotation": {"angle": 22.5, "axis": "x", "origin": [8, 19, -2.85]},
			"faces": {
				"north": {"uv": [11.875, 8, 12.625, 8.25], "texture": "#0"},
				"east": {"uv": [13, 0.75, 13.5, 1], "texture": "#0"},
				"south": {"uv": [11.875, 10.5, 12.625, 10.75], "texture": "#0"},
				"west": {"uv": [13, 4.375, 13.5, 4.625], "texture": "#0"},
				"up": {"uv": [6.25, 11, 5.5, 10.5], "texture": "#0"},
				"down": {"uv": [7.875, 10.5, 7.125, 11], "texture": "#0"}
			}
		},
		{
			"from": [11, 15.01421, 1.63579],
			"to": [13, 16.76421, 4.88579],
			"rotation": {"angle": 22.5, "axis": "x", "origin": [8, 19, -2.85]},
			"faces": {
				"north": {"uv": [0.5, 13.625, 0.75, 13.875], "texture": "#0"},
				"east": {"uv": [13.25, 4.625, 13.625, 4.875], "texture": "#0"},
				"south": {"uv": [0.75, 13.625, 1, 13.875], "texture": "#0"},
				"west": {"uv": [13.25, 8.75, 13.625, 9], "texture": "#0"},
				"up": {"uv": [13.5, 9.375, 13.25, 9], "texture": "#0"},
				"down": {"uv": [13.5, 9.375, 13.25, 9.75], "texture": "#0"}
			}
		},
		{
			"from": [13, 15.72132, 1.92868],
			"to": [15, 17.47132, 4.27868],
			"rotation": {"angle": 22.5, "axis": "x", "origin": [8, 19, -2.85]},
			"faces": {
				"north": {"uv": [1.125, 13.625, 1.375, 13.875], "texture": "#0"},
				"east": {"uv": [1.375, 13.625, 1.625, 13.875], "texture": "#0"},
				"south": {"uv": [1.625, 13.625, 1.875, 13.875], "texture": "#0"},
				"west": {"uv": [2.375, 13.625, 2.625, 13.875], "texture": "#0"},
				"up": {"uv": [5.25, 13.875, 5, 13.625], "texture": "#0"},
				"down": {"uv": [6.5, 13.625, 6.25, 13.875], "texture": "#0"}
			}
		}
	],
	"display": {
		"thirdperson_righthand": {
			"scale": [0.34, 0.34, 0.34]
		},
		"thirdperson_lefthand": {
			"scale": [0.34, 0.34, 0.34]
		},
		"firstperson_righthand": {
			"rotation": [0, 120, 0],
			"translation": [0, 3, -2.25],
			"scale": [0.34, 0.34, 0.34]
		},
		"firstperson_lefthand": {
			"rotation": [0, 120, 0],
			"translation": [0, 3, -2.25],
			"scale": [0.34, 0.34, 0.34]
		},
		"ground": {
			"translation": [0, 7.75, 0],
			"scale": [0.34, 0.34, 0.34]
		},
		"gui": {
			"rotation": [0, 159, 0],
			"translation": [0.5, -0.75, -2.25],
			"scale": [0.34, 0.34, 0.34]
		},
		"head": {
			"translation": [0, -41.4, -8],
			"scale": [3.2, 3.2, 3.2]
		}
	},
	"groups": [0, 1, 2, 3, 4, 5, 6, 7, 8, 9, 10, 11, 12, 13, 14, 15, 16, 17, 18, 19, 20, 21, 22, 23, 24, 25, 26, 27, 28, 29, 30, 31, 32, 33, 34, 35, 36, 37, 38, 39, 40, 41, 42, 43, 44, 45, 46, 47, 48, 49, 50, 51, 52, 53, 54, 55, 56, 57, 58, 59, 60, 61, 62, 63, 64, 65, 66, 67, 68,
		{
			"name": "RightLeg",
			"origin": [8, -14.1, -0.95],
			"children": [69, 70, 71, 72, 73, 74, 75, 76, 77, 78, 79]
		},
		{
			"name": "LeftLeg",
			"origin": [8, -14.1, -0.95],
			"children": [80, 81, 82, 83, 84, 85, 86, 87, 88, 89, 90]
		},
		{
			"name": "Window",
			"origin": [8, 15.25, -2.85],
			"children": [91, 92, 93, 94, 95, 96, 97, 98, 99, 100, 101, 102, 103, 104, 105, 106, 107, 108, 109, 110, 111, 112, 113, 114, 115, 116, 117, 118, 119, 120]
		}
	]
}